,Track.Name,Artist.Name,Genre,Beats.Per.Minute,Energy,Danceability,Loudness..dB..,Liveness,Valence.,Length.,Acousticness..,Speechiness.,Popularity
1,Señorita,Shawn Mendes,canadian pop,117,55,76,-6,8,75,191,4,3,79
2,China,Anuel AA,reggaeton flow,105,81,79,-4,8,61,302,8,9,92
3,boyfriend (with Social House),Ariana Grande,dance pop,190,80,40,-4,16,70,186,12,46,85
4,Beautiful People (feat. Khalid),Ed Sheeran,pop,93,65,64,-8,8,55,198,12,19,86
5,Goodbyes (Feat. Young Thug),Post Malone,dfw rap,150,65,58,-4,11,18,175,45,7,94
6,I Don't Care (with Justin Bieber),Ed Sheeran,pop,102,68,80,-5,9,84,220,9,4,84
7,Ransom,Lil Tecca,trap music,180,64,75,-6,7,23,131,2,29,92
8,How Do You Sleep?,Sam Smith,pop,111,68,48,-5,8,35,202,15,9,90
9,Old Town Road - Remix,Lil Nas X,country rap,136,62,88,-6,11,64,157,5,10,87
10,bad guy,Billie Eilish,electropop,135,43,70,-11,10,56,194,33,38,95
11,Callaita,Bad Bunny,reggaeton,176,62,61,-5,24,24,251,60,31,93
12,Loco Contigo (feat. J. Balvin & Tyga),DJ Snake,dance pop,96,71,82,-4,15,38,185,28,7,86
13,Someone You Loved,Lewis Capaldi,pop,110,41,50,-6,11,45,182,75,3,88
14,Otro Trago - Remix,Sech,panamanian pop,176,79,73,-2,6,76,288,7,20,87
15,Money In The Grave (Drake ft. Rick Ross),Drake,canadian hip hop,101,50,83,-4,12,10,205,10,5,92
16,No Guidance (feat. Drake),Chris Brown,dance pop,93,45,70,-7,16,14,261,12,15,82
17,LA CANCIÓN,J Balvin,latin,176,65,75,-6,11,43,243,15,32,90
18,Sunflower - Spider-Man: Into the Spider-Verse,Post Malone,dfw rap,90,48,76,-6,7,91,158,56,5,91
19,Lalala,Y2K,canadian hip hop,130,39,84,-8,14,50,161,18,8,88
20,Truth Hurts,Lizzo,escape room,158,62,72,-3,12,41,173,11,11,91
21,Piece Of Your Heart,MEDUZA,pop house,124,74,68,-7,7,63,153,4,3,91
22,Panini,Lil Nas X,country rap,154,59,70,-6,12,48,115,34,8,91
23,No Me Conoce - Remix,Jhay Cortez,reggaeton flow,92,79,81,-4,9,58,309,14,7,83
24,Soltera - Remix,Lunay,latin,92,78,80,-4,44,80,266,36,4,91
25,bad guy (with Justin Bieber),Billie Eilish,electropop,135,45,67,-11,12,68,195,25,30,89
26,If I Can't Have You,Shawn Mendes,canadian pop,124,82,69,-4,13,87,191,49,6,70
27,Dance Monkey,Tones and I,australian pop,98,59,82,-6,18,54,210,69,10,83
28,It's You,Ali Gatie,canadian hip hop,96,46,73,-7,19,40,213,37,3,89
29,Con Calma,Daddy Yankee,latin,94,86,74,-3,6,66,193,11,6,91
30,QUE PRETENDES,J Balvin,latin,93,79,64,-4,36,94,222,3,25,89
31,Takeaway,The Chainsmokers,edm,85,51,29,-8,10,36,210,12,4,84
32,7 rings,Ariana Grande,dance pop,140,32,78,-11,9,33,179,59,33,89
33,0.958333333,Maluma,reggaeton,96,71,78,-5,9,68,176,22,28,89
34,The London (feat. J. Cole & Travis Scott),Young Thug,atl hip hop,98,59,80,-7,13,18,200,2,15,89
35,Never Really Over,Katy Perry,dance pop,100,88,77,-5,32,39,224,19,6,89
36,Summer Days (feat. Macklemore & Patrick Stump of Fall Out Boy),Martin Garrix,big room,114,72,66,-7,14,32,164,18,6,89
37,Otro Trago,Sech,panamanian pop,176,70,75,-5,11,62,226,14,34,91
38,Antisocial (with Travis Scott),Ed Sheeran,pop,152,82,72,-5,36,91,162,13,5,87
39,Sucker,Jonas Brothers,boy band,138,73,84,-5,11,95,181,4,6,80
40,"fuck, i'm lonely (with Anne-Marie) - from “13 Reasons Why: Season 3”",Lauv,dance pop,95,56,81,-6,6,68,199,48,7,78
41,Higher Love,Kygo,edm,104,68,69,-7,10,40,228,2,3,88
42,You Need To Calm Down,Taylor Swift,dance pop,85,68,77,-6,7,73,171,1,5,90
43,Shallow,Lady Gaga,dance pop,96,39,57,-6,23,32,216,37,3,87
44,Talk,Khalid,pop,136,40,90,-9,6,35,198,5,13,84
45,Con Altura,ROSALÍA,r&b en espanol,98,69,88,-4,5,75,162,39,12,88
46,One Thing Right,Marshmello,brostep,88,62,66,-2,58,44,182,7,5,88
47,Te Robaré,Nicky Jam,latin,176,75,67,-4,8,80,202,24,6,88
48,Happier,Marshmello,brostep,100,79,69,-3,17,67,214,19,5,88
49,Call You Mine,The Chainsmokers,edm,104,70,59,-6,41,50,218,23,3,88
50,Cross Me (feat. Chance the Rapper & PnB Rock),Ed Sheeran,pop,95,79,75,-6,7,61,206,21,12,82
51,"Hey, Soul Sister",Train,neo mellow,97,89,67,-4,8,80,217,19,4,83
52,Love The Way You Lie,Eminem,detroit hip hop,87,93,75,-5,52,64,263,24,23,82
53,TiK ToK,Kesha,dance pop,120,84,76,-3,29,71,200,10,14,80
54,Bad Romance,Lady Gaga,dance pop,119,92,70,-4,8,71,295,0,4,79
55,Just the Way You Are,Bruno Mars,pop,109,84,64,-5,9,43,221,2,4,78
56,Baby,Justin Bieber,canadian pop,65,86,73,-5,11,54,214,4,14,77
57,Dynamite,Taio Cruz,dance pop,120,78,75,-4,4,82,203,0,9,77
58,Secrets,OneRepublic,dance pop,148,76,52,-6,12,38,225,7,4,77
59,Empire State of Mind (Part II) Broken Down,Alicia Keys,hip pop,93,37,48,-8,12,14,216,74,3,76
60,Only Girl (In The World),Rihanna,barbadian pop,126,72,79,-4,7,61,235,13,4,73
61,Club Can't Handle Me (feat. David Guetta),Flo Rida,dance pop,128,87,62,-4,6,47,235,3,3,73
62,Marry You,Bruno Mars,pop,145,83,62,-5,10,48,230,33,4,73
63,Cooler Than Me - Single Mix,Mike Posner,dance pop,130,82,77,-5,70,63,213,18,5,73
64,Telephone,Lady Gaga,dance pop,122,83,83,-6,11,71,221,1,4,73
65,Like A G6,Far East Movement,dance pop,125,84,44,-8,12,78,217,1,45,72
66,OMG (feat. will.i.am),Usher,atl hip hop,130,75,78,-6,36,33,269,20,3,72
67,Eenie Meenie,Sean Kingston,dance pop,121,61,72,-4,11,83,202,5,3,71
68,The Time (Dirty Bit),The Black Eyed Peas,dance pop,128,81,82,-8,60,44,308,7,7,70
69,Alejandro,Lady Gaga,dance pop,99,80,63,-7,36,37,274,0,5,69
70,Your Love Is My Drug,Kesha,dance pop,120,61,83,-4,9,76,187,1,10,69
71,Meet Me Halfway,The Black Eyed Peas,dance pop,130,63,80,-7,32,40,284,0,7,68
72,Whataya Want from Me,Adam Lambert,australian pop,186,68,44,-5,6,45,227,1,5,66
73,Take It Off,Kesha,dance pop,125,68,73,-5,9,74,215,0,3,66
74,Misery,Maroon 5,pop,103,81,70,-5,22,73,216,0,4,65
75,All The Right Moves,OneRepublic,dance pop,146,95,53,-4,28,65,238,26,5,65
76,Animal,Neon Trees,indie pop,148,83,48,-6,38,74,212,0,4,65
77,Naturally,Selena Gomez & The Scene,dance pop,133,90,61,-5,5,88,203,2,5,64
78,I Like It,Enrique Iglesias,dance pop,129,94,65,-3,6,73,231,2,9,63
79,Teenage Dream,Katy Perry,dance pop,120,80,72,-5,13,59,228,2,4,63
80,California Gurls,Katy Perry,dance pop,125,75,79,-4,18,40,235,0,5,62
81,3,Britney Spears,dance pop,135,71,70,-2,14,79,213,5,5,62
82,"Hey, Soul Sister",Train,neo mellow,139.7354839,140.7354839,141.7354839,142.7354839,143.7354839,144.7354839,145.7354839,146.7354839,147.7354839,148.7354839
83,Love The Way You Lie,Eminem,detroit hip hop,140.7834677,76.05120968,66.19959677,-4.854032258,19.47016129,64.46008065,227.3197581,0.402016129,4.489516129,59.79596774
84,TiK ToK,Kesha,dance pop,141.8314516,75.90241935,66.10887097,-4.843548387,19.46935484,64.70725806,227.1298387,-0.105645161,4.320967742,59.12741935
85,Bad Romance,Lady Gaga,dance pop,142.8794355,75.75362903,66.01814516,-4.833064516,19.46854839,64.95443548,226.9399194,-0.613306452,4.152419355,58.45887097
86,Just the Way You Are,Bruno Mars,pop,143.9274194,75.60483871,65.92741935,-4.822580645,19.46774194,65.2016129,226.75,-1.120967742,3.983870968,57.79032258
87,Baby,Justin Bieber,canadian pop,144.9754032,75.45604839,65.83669355,-4.812096774,19.46693548,65.44879032,226.5600806,-1.628629032,3.815322581,57.12177419
88,Dynamite,Taio Cruz,dance pop,146.0233871,75.30725806,65.74596774,-4.801612903,19.46612903,65.69596774,226.3701613,-2.136290323,3.646774194,56.45322581
89,Secrets,OneRepublic,dance pop,147.071371,75.15846774,65.65524194,-4.791129032,19.46532258,65.94314516,226.1802419,-2.643951613,3.478225806,55.78467742
90,Empire State of Mind (Part II) Broken Down,Alicia Keys,hip pop,148.1193548,75.00967742,65.56451613,-4.780645161,19.46451613,66.19032258,225.9903226,-3.151612903,3.309677419,55.11612903
91,Only Girl (In The World),Rihanna,barbadian pop,149.1673387,74.8608871,65.47379032,-4.77016129,19.46370968,66.4375,225.8004032,-3.659274194,3.141129032,54.44758065
92,Club Can't Handle Me (feat. David Guetta),Flo Rida,dance pop,150.2153226,74.71209677,65.38306452,-4.759677419,19.46290323,66.68467742,225.6104839,-4.166935484,2.972580645,53.77903226
93,Marry You,Bruno Mars,pop,151.2633065,74.56330645,65.29233871,-4.749193548,19.46209677,66.93185484,225.4205645,-4.674596774,2.804032258,53.11048387
94,Cooler Than Me - Single Mix,Mike Posner,dance pop,152.3112903,74.41451613,65.2016129,-4.738709677,19.46129032,67.17903226,225.2306452,-5.182258065,2.635483871,52.44193548
95,Telephone,Lady Gaga,dance pop,153.3592742,74.26572581,65.1108871,-4.728225806,19.46048387,67.42620968,225.0407258,-5.689919355,2.466935484,51.7733871
96,Like A G7,Far East Movement,dance pop,154.4072581,74.11693548,65.02016129,-4.717741935,19.45967742,67.6733871,224.8508065,-6.197580645,2.298387097,51.10483871
97,OMG (feat. will.i.am),Usher,atl hip hop,155.4552419,73.96814516,64.92943548,-4.707258065,19.45887097,67.92056452,224.6608871,-6.705241935,2.12983871,50.43629032
98,Eenie Meenie,Sean Kingston,dance pop,156.5032258,73.81935484,64.83870968,-4.696774194,19.45806452,68.16774194,224.4709677,-7.212903226,1.961290323,49.76774194
99,The Time (Dirty Bit),The Black Eyed Peas,dance pop,157.5512097,73.67056452,64.74798387,-4.686290323,19.45725806,68.41491935,224.2810484,-7.720564516,1.792741935,49.09919355
100,Alejandro,Lady Gaga,dance pop,158.5991935,73.52177419,64.65725806,-4.675806452,19.45645161,68.66209677,224.091129,-8.228225806,1.624193548,48.43064516
101,"Hey, Soul Sister",Train,neo mellow,159.6471774,73.37298387,64.56653226,-4.665322581,19.45564516,68.90927419,223.9012097,-8.735887097,1.455645161,47.76209677
102,Love The Way You Lie,Eminem,detroit hip hop,160.6951613,73.22419355,64.47580645,-4.65483871,19.45483871,69.15645161,223.7112903,-9.243548387,1.287096774,47.09354839
103,TiK ToK,Kesha,dance pop,161.7431452,73.07540323,64.38508065,-4.644354839,19.45403226,69.40362903,223.521371,-9.751209677,1.118548387,46.425
104,Bad Romance,Lady Gaga,dance pop,162.791129,72.9266129,64.29435484,-4.633870968,19.45322581,69.65080645,223.3314516,-10.25887097,0.95,45.75645161
105,Just the Way You Are,Bruno Mars,pop,163.8391129,72.77782258,64.20362903,-4.623387097,19.45241935,69.89798387,223.1415323,-10.76653226,0.781451613,45.08790323
106,Baby,Justin Bieber,canadian pop,164.8870968,72.62903226,64.11290323,-4.612903226,19.4516129,70.14516129,222.9516129,-11.27419355,0.612903226,44.41935484
107,Dynamite,Taio Cruz,dance pop,165.9350806,72.48024194,64.02217742,-4.602419355,19.45080645,70.39233871,222.7616935,-11.78185484,0.444354839,43.75080645
108,Secrets,OneRepublic,dance pop,166.9830645,72.33145161,63.93145161,-4.591935484,19.45,70.63951613,222.5717742,-12.28951613,0.275806452,43.08225806
109,Empire State of Mind (Part II) Broken Down,Alicia Keys,hip pop,168.0310484,72.18266129,63.84072581,-4.581451613,19.44919355,70.88669355,222.3818548,-12.79717742,0.107258065,42.41370968
110,Only Girl (In The World),Rihanna,barbadian pop,169.0790323,72.03387097,63.75,-4.570967742,19.4483871,71.13387097,222.1919355,-13.30483871,-0.061290323,41.74516129
111,Club Can't Handle Me (feat. David Guetta),Flo Rida,dance pop,170.1270161,71.88508065,63.65927419,-4.560483871,19.44758065,71.38104839,222.0020161,-13.8125,-0.22983871,41.0766129
112,Marry You,Bruno Mars,pop,171.175,71.73629032,63.56854839,-4.55,19.44677419,71.62822581,221.8120968,-14.32016129,-0.398387097,40.40806452
113,Cooler Than Me - Single Mix,Mike Posner,dance pop,172.2229839,71.5875,63.47782258,-4.539516129,19.44596774,71.87540323,221.6221774,-14.82782258,-0.566935484,39.73951613
114,Telephone,Lady Gaga,dance pop,173.2709677,71.43870968,63.38709677,-4.529032258,19.44516129,72.12258065,221.4322581,-15.33548387,-0.735483871,39.07096774
115,Like A G7,Far East Movement,dance pop,174.3189516,71.28991935,63.29637097,-4.518548387,19.44435484,72.36975806,221.2423387,-15.84314516,-0.904032258,38.40241935
116,OMG (feat. will.i.am),Usher,atl hip hop,175.3669355,71.14112903,63.20564516,-4.508064516,19.44354839,72.61693548,221.0524194,-16.35080645,-1.072580645,37.73387097
117,Eenie Meenie,Sean Kingston,dance pop,176.4149194,70.99233871,63.11491935,-4.497580645,19.44274194,72.8641129,220.8625,-16.85846774,-1.241129032,37.06532258
118,The Time (Dirty Bit),The Black Eyed Peas,dance pop,177.4629032,70.84354839,63.02419355,-4.487096774,19.44193548,73.11129032,220.6725806,-17.36612903,-1.409677419,36.39677419
119,Alejandro,Lady Gaga,dance pop,178.5108871,70.69475806,62.93346774,-4.476612903,19.44112903,73.35846774,220.4826613,-17.87379032,-1.578225806,35.72822581
120,Your Love Is My Drug,Kesha,dance pop,179.558871,70.54596774,62.84274194,-4.466129032,19.44032258,73.60564516,220.2927419,-18.38145161,-1.746774194,35.05967742
121,Meet Me Halfway,The Black Eyed Peas,dance pop,180.6068548,70.39717742,62.75201613,-4.455645161,19.43951613,73.85282258,220.1028226,-18.8891129,-1.915322581,34.39112903
122,Whataya Want from Me,Adam Lambert,australian pop,181.6548387,70.2483871,62.66129032,-4.44516129,19.43870968,74.1,219.9129032,-19.39677419,-2.083870968,33.72258065
123,Take It Off,Kesha,dance pop,182.7028226,70.09959677,62.57056452,-4.434677419,19.43790323,74.34717742,219.7229839,-19.90443548,-2.252419355,33.05403226
124,Misery,Maroon 6,pop,183.7508065,69.95080645,62.47983871,-4.424193548,19.43709677,74.59435484,219.5330645,-20.41209677,-2.420967742,32.38548387
125,All The Right Moves,OneRepublic,dance pop,184.7987903,69.80201613,62.3891129,-4.413709677,19.43629032,74.84153226,219.3431452,-20.91975806,-2.589516129,31.71693548
126,Animal,Neon Trees,indie pop,185.8467742,69.65322581,62.2983871,-4.403225806,19.43548387,75.08870968,219.1532258,-21.42741935,-2.758064516,31.0483871
127,Naturally,Selena Gomez & The Scene,dance pop,186.8947581,69.50443548,62.20766129,-4.392741935,19.43467742,75.3358871,218.9633065,-21.93508065,-2.926612903,30.37983871
128,I Like It,Enrique Iglesias,dance pop,187.9427419,69.35564516,62.11693548,-4.382258065,19.43387097,75.58306452,218.7733871,-22.44274194,-3.09516129,29.71129032
129,Teenage Dream,Katy Perry,dance pop,188.9907258,69.20685484,62.02620968,-4.371774194,19.43306452,75.83024194,218.5834677,-22.95040323,-3.263709677,29.04274194
130,California Gurls,Katy Perry,dance pop,190.0387097,69.05806452,61.93548387,-4.361290323,19.43225806,76.07741935,218.3935484,-23.45806452,-3.432258065,28.37419355
131,4,Britney Spears,dance pop,191.0866935,68.90927419,61.84475806,-4.350806452,19.43145161,76.32459677,218.203629,-23.96572581,-3.600806452,27.70564516
132,"Hey, Soul Sister",Train,neo mellow,192.1346774,68.76048387,61.75403226,-4.340322581,19.43064516,76.57177419,218.0137097,-24.4733871,-3.769354839,27.03709677
133,Love The Way You Lie,Eminem,detroit hip hop,193.1826613,68.61169355,61.66330645,-4.32983871,19.42983871,76.81895161,217.8237903,-24.98104839,-3.937903226,26.36854839
134,TiK ToK,Kesha,dance pop,194.2306452,68.46290323,61.57258065,-4.319354839,19.42903226,77.06612903,217.633871,-25.48870968,-4.106451613,25.7
135,Bad Romance,Lady Gaga,dance pop,195.278629,68.3141129,61.48185484,-4.308870968,19.42822581,77.31330645,217.4439516,-25.99637097,-4.275,25.03145161
136,Just the Way You Are,Bruno Mars,pop,196.3266129,68.16532258,61.39112903,-4.298387097,19.42741935,77.56048387,217.2540323,-26.50403226,-4.443548387,24.36290323
137,Baby,Justin Bieber,canadian pop,197.3745968,68.01653226,61.30040323,-4.287903226,19.4266129,77.80766129,217.0641129,-27.01169355,-4.612096774,23.69435484
138,Dynamite,Taio Cruz,dance pop,198.4225806,67.86774194,61.20967742,-4.277419355,19.42580645,78.05483871,216.8741935,-27.51935484,-4.780645161,23.02580645
139,Secrets,OneRepublic,dance pop,199.4705645,67.71895161,61.11895161,-4.266935484,19.425,78.30201613,216.6842742,-28.02701613,-4.949193548,22.35725806
140,Empire State of Mind (Part II) Broken Down,Alicia Keys,hip pop,200.5185484,67.57016129,61.02822581,-4.256451613,19.42419355,78.54919355,216.4943548,-28.53467742,-5.117741935,21.68870968
141,Only Girl (In The World),Rihanna,barbadian pop,201.5665323,67.42137097,60.9375,-4.245967742,19.4233871,78.79637097,216.3044355,-29.04233871,-5.286290323,21.02016129
142,Club Can't Handle Me (feat. David Guetta),Flo Rida,dance pop,202.6145161,67.27258065,60.84677419,-4.235483871,19.42258065,79.04354839,216.1145161,-29.55,-5.45483871,20.3516129
143,Marry You,Bruno Mars,pop,203.6625,67.12379032,60.75604839,-4.225,19.42177419,79.29072581,215.9245968,-30.05766129,-5.623387097,19.68306452
144,Cooler Than Me - Single Mix,Mike Posner,dance pop,204.7104839,66.975,60.66532258,-4.214516129,19.42096774,79.53790323,215.7346774,-30.56532258,-5.791935484,19.01451613
145,Telephone,Lady Gaga,dance pop,205.7584677,66.82620968,60.57459677,-4.204032258,19.42016129,79.78508065,215.5447581,-31.07298387,-5.960483871,18.34596774
146,Like A G8,Far East Movement,dance pop,206.8064516,66.67741935,60.48387097,-4.193548387,19.41935484,80.03225806,215.3548387,-31.58064516,-6.129032258,17.67741935
147,OMG (feat. will.i.am),Usher,atl hip hop,207.8544355,66.52862903,60.39314516,-4.183064516,19.41854839,80.27943548,215.1649194,-32.08830645,-6.297580645,17.00887097
148,Eenie Meenie,Sean Kingston,dance pop,208.9024194,66.37983871,60.30241935,-4.172580645,19.41774194,80.5266129,214.975,-32.59596774,-6.466129032,16.34032258
149,The Time (Dirty Bit),The Black Eyed Peas,dance pop,209.9504032,66.23104839,60.21169355,-4.162096774,19.41693548,80.77379032,214.7850806,-33.10362903,-6.634677419,15.67177419
150,Alejandro,Lady Gaga,dance pop,210.9983871,66.08225806,60.12096774,-4.151612903,19.41612903,81.02096774,214.5951613,-33.61129032,-6.803225806,15.00322581
151,"Hey, Soul Sister",Train,neo mellow,212.046371,65.93346774,60.03024194,-4.141129032,19.41532258,81.26814516,214.4052419,-34.11895161,-6.971774194,14.33467742
152,Love The Way You Lie,Eminem,detroit hip hop,213.0943548,65.78467742,59.93951613,-4.130645161,19.41451613,81.51532258,214.2153226,-34.6266129,-7.140322581,13.66612903
153,TiK ToK,Kesha,dance pop,214.1423387,65.6358871,59.84879032,-4.12016129,19.41370968,81.7625,214.0254032,-35.13427419,-7.308870968,12.99758065
154,Bad Romance,Lady Gaga,dance pop,215.1903226,65.48709677,59.75806452,-4.109677419,19.41290323,82.00967742,213.8354839,-35.64193548,-7.477419355,12.32903226
155,Just the Way You Are,Bruno Mars,pop,216.2383065,65.33830645,59.66733871,-4.099193548,19.41209677,82.25685484,213.6455645,-36.14959677,-7.645967742,11.66048387
156,Baby,Justin Bieber,canadian pop,217.2862903,65.18951613,59.5766129,-4.088709677,19.41129032,82.50403226,213.4556452,-36.65725806,-7.814516129,10.99193548
157,Dynamite,Taio Cruz,dance pop,218.3342742,65.04072581,59.4858871,-4.078225806,19.41048387,82.75120968,213.2657258,-37.16491935,-7.983064516,10.3233871
158,Secrets,OneRepublic,dance pop,219.3822581,64.89193548,59.39516129,-4.067741935,19.40967742,82.9983871,213.0758065,-37.67258065,-8.151612903,9.65483871
159,Empire State of Mind (Part II) Broken Down,Alicia Keys,hip pop,220.4302419,64.74314516,59.30443548,-4.057258065,19.40887097,83.24556452,212.8858871,-38.18024194,-8.32016129,8.986290323
160,Only Girl (In The World),Rihanna,barbadian pop,221.4782258,64.59435484,59.21370968,-4.046774194,19.40806452,83.49274194,212.6959677,-38.68790323,-8.488709677,8.317741935
161,Club Can't Handle Me (feat. David Guetta),Flo Rida,dance pop,222.5262097,64.44556452,59.12298387,-4.036290323,19.40725806,83.73991935,212.5060484,-39.19556452,-8.657258065,7.649193548
162,Marry You,Bruno Mars,pop,223.5741935,64.29677419,59.03225806,-4.025806452,19.40645161,83.98709677,212.316129,-39.70322581,-8.825806452,6.980645161
163,Cooler Than Me - Single Mix,Mike Posner,dance pop,224.6221774,64.14798387,58.94153226,-4.015322581,19.40564516,84.23427419,212.1262097,-40.2108871,-8.994354839,6.312096774
164,Telephone,Lady Gaga,dance pop,225.6701613,63.99919355,58.85080645,-4.00483871,19.40483871,84.48145161,211.9362903,-40.71854839,-9.162903226,5.643548387
165,Like A G8,Far East Movement,dance pop,226.7181452,63.85040323,58.76008065,-3.994354839,19.40403226,84.72862903,211.746371,-41.22620968,-9.331451613,4.975
166,OMG (feat. will.i.am),Usher,atl hip hop,227.766129,63.7016129,58.66935484,-3.983870968,19.40322581,84.97580645,211.5564516,-41.73387097,-9.5,4.306451613
167,Eenie Meenie,Sean Kingston,dance pop,228.8141129,63.55282258,58.57862903,-3.973387097,19.40241935,85.22298387,211.3665323,-42.24153226,-9.668548387,3.637903226
168,The Time (Dirty Bit),The Black Eyed Peas,dance pop,229.8620968,63.40403226,58.48790323,-3.962903226,19.4016129,85.47016129,211.1766129,-42.74919355,-9.837096774,2.969354839
169,Alejandro,Lady Gaga,dance pop,230.9100806,63.25524194,58.39717742,-3.952419355,19.40080645,85.71733871,210.9866935,-43.25685484,-10.00564516,2.300806452
170,Your Love Is My Drug,Kesha,dance pop,231.9580645,63.10645161,58.30645161,-3.941935484,19.4,85.96451613,210.7967742,-43.76451613,-10.17419355,1.632258065
171,Meet Me Halfway,The Black Eyed Peas,dance pop,233.0060484,62.95766129,58.21572581,-3.931451613,19.39919355,86.21169355,210.6068548,-44.27217742,-10.34274194,0.963709677
172,Whataya Want from Me,Adam Lambert,australian pop,234.0540323,62.80887097,58.125,-3.920967742,19.3983871,86.45887097,210.4169355,-44.77983871,-10.51129032,0.29516129
173,Take It Off,Kesha,dance pop,235.1020161,62.66008065,58.03427419,-3.910483871,19.39758065,86.70604839,210.2270161,-45.2875,-10.67983871,-0.373387097
174,Misery,Maroon 7,pop,236.15,62.51129032,57.94354839,-3.9,19.39677419,86.95322581,210.0370968,-45.79516129,-10.8483871,-1.041935484
175,All The Right Moves,OneRepublic,dance pop,237.1979839,62.3625,57.85282258,-3.889516129,19.39596774,87.20040323,209.8471774,-46.30282258,-11.01693548,-1.710483871
176,Animal,Neon Trees,indie pop,238.2459677,62.21370968,57.76209677,-3.879032258,19.39516129,87.44758065,209.6572581,-46.81048387,-11.18548387,-2.379032258
177,Naturally,Selena Gomez & The Scene,dance pop,239.2939516,62.06491935,57.67137097,-3.868548387,19.39435484,87.69475806,209.4673387,-47.31814516,-11.35403226,-3.047580645
178,I Like It,Enrique Iglesias,dance pop,240.3419355,61.91612903,57.58064516,-3.858064516,19.39354839,87.94193548,209.2774194,-47.82580645,-11.52258065,-3.716129032
179,Teenage Dream,Katy Perry,dance pop,241.3899194,61.76733871,57.48991935,-3.847580645,19.39274194,88.1891129,209.0875,-48.33346774,-11.69112903,-4.384677419
180,California Gurls,Katy Perry,dance pop,242.4379032,61.61854839,57.39919355,-3.837096774,19.39193548,88.43629032,208.8975806,-48.84112903,-11.85967742,-5.053225806
181,5,Britney Spears,dance pop,243.4858871,61.46975806,57.30846774,-3.826612903,19.39112903,88.68346774,208.7076613,-49.34879032,-12.02822581,-5.721774194
182,"Hey, Soul Sister",Train,neo mellow,244.533871,61.32096774,57.21774194,-3.816129032,19.39032258,88.93064516,208.5177419,-49.85645161,-12.19677419,-6.390322581
183,Love The Way You Lie,Eminem,detroit hip hop,245.5818548,61.17217742,57.12701613,-3.805645161,19.38951613,89.17782258,208.3278226,-50.3641129,-12.36532258,-7.058870968
184,TiK ToK,Kesha,dance pop,246.6298387,61.0233871,57.03629032,-3.79516129,19.38870968,89.425,208.1379032,-50.87177419,-12.53387097,-7.727419355
185,Bad Romance,Lady Gaga,dance pop,247.6778226,60.87459677,56.94556452,-3.784677419,19.38790323,89.67217742,207.9479839,-51.37943548,-12.70241935,-8.395967742
186,Just the Way You Are,Bruno Mars,pop,248.7258065,60.72580645,56.85483871,-3.774193548,19.38709677,89.91935484,207.7580645,-51.88709677,-12.87096774,-9.064516129
187,Baby,Justin Bieber,canadian pop,249.7737903,60.57701613,56.7641129,-3.763709677,19.38629032,90.16653226,207.5681452,-52.39475806,-13.03951613,-9.733064516
188,Dynamite,Taio Cruz,dance pop,250.8217742,60.42822581,56.6733871,-3.753225806,19.38548387,90.41370968,207.3782258,-52.90241935,-13.20806452,-10.4016129
189,Secrets,OneRepublic,dance pop,251.8697581,60.27943548,56.58266129,-3.742741935,19.38467742,90.6608871,207.1883065,-53.41008065,-13.3766129,-11.07016129
190,Empire State of Mind (Part II) Broken Down,Alicia Keys,hip pop,252.9177419,60.13064516,56.49193548,-3.732258065,19.38387097,90.90806452,206.9983871,-53.91774194,-13.54516129,-11.73870968
191,Only Girl (In The World),Rihanna,barbadian pop,253.9657258,59.98185484,56.40120968,-3.721774194,19.38306452,91.15524194,206.8084677,-54.42540323,-13.71370968,-12.40725806
192,Club Can't Handle Me (feat. David Guetta),Flo Rida,dance pop,255.0137097,59.83306452,56.31048387,-3.711290323,19.38225806,91.40241935,206.6185484,-54.93306452,-13.88225806,-13.07580645
193,Marry You,Bruno Mars,pop,256.0616935,59.68427419,56.21975806,-3.700806452,19.38145161,91.64959677,206.428629,-55.44072581,-14.05080645,-13.74435484
194,Cooler Than Me - Single Mix,Mike Posner,dance pop,257.1096774,59.53548387,56.12903226,-3.690322581,19.38064516,91.89677419,206.2387097,-55.9483871,-14.21935484,-14.41290323
195,Telephone,Lady Gaga,dance pop,258.1576613,59.38669355,56.03830645,-3.67983871,19.37983871,92.14395161,206.0487903,-56.45604839,-14.38790323,-15.08145161
196,Like A G9,Far East Movement,dance pop,259.2056452,59.23790323,55.94758065,-3.669354839,19.37903226,92.39112903,205.858871,-56.96370968,-14.55645161,-15.75
197,OMG (feat. will.i.am),Usher,atl hip hop,260.253629,59.0891129,55.85685484,-3.658870968,19.37822581,92.63830645,205.6689516,-57.47137097,-14.725,-16.41854839
198,Eenie Meenie,Sean Kingston,dance pop,261.3016129,58.94032258,55.76612903,-3.648387097,19.37741935,92.88548387,205.4790323,-57.97903226,-14.89354839,-17.08709677
199,The Time (Dirty Bit),The Black Eyed Peas,dance pop,262.3495968,58.79153226,55.67540323,-3.637903226,19.3766129,93.13266129,205.2891129,-58.48669355,-15.06209677,-17.75564516
200,Alejandro,Lady Gaga,dance pop,263.3975806,58.64274194,55.58467742,-3.627419355,19.37580645,93.37983871,205.0991935,-58.99435484,-15.23064516,-18.42419355
201,"Hey, Soul Sister",Train,neo mellow,264.4455645,58.49395161,55.49395161,-3.616935484,19.375,93.62701613,204.9092742,-59.50201613,-15.39919355,-19.09274194
202,Love The Way You Lie,Eminem,detroit hip hop,265.4935484,58.34516129,55.40322581,-3.606451613,19.37419355,93.87419355,204.7193548,-60.00967742,-15.56774194,-19.76129032
203,TiK ToK,Kesha,dance pop,266.5415323,58.19637097,55.3125,-3.595967742,19.3733871,94.12137097,204.5294355,-60.51733871,-15.73629032,-20.42983871
204,Bad Romance,Lady Gaga,dance pop,267.5895161,58.04758065,55.22177419,-3.585483871,19.37258065,94.36854839,204.3395161,-61.025,-15.90483871,-21.0983871
205,Just the Way You Are,Bruno Mars,pop,268.6375,57.89879032,55.13104839,-3.575,19.37177419,94.61572581,204.1495968,-61.53266129,-16.0733871,-21.76693548
206,Baby,Justin Bieber,canadian pop,269.6854839,57.75,55.04032258,-3.564516129,19.37096774,94.86290323,203.9596774,-62.04032258,-16.24193548,-22.43548387
207,Dynamite,Taio Cruz,dance pop,270.7334677,57.60120968,54.94959677,-3.554032258,19.37016129,95.11008065,203.7697581,-62.54798387,-16.41048387,-23.10403226
208,Secrets,OneRepublic,dance pop,271.7814516,57.45241935,54.85887097,-3.543548387,19.36935484,95.35725806,203.5798387,-63.05564516,-16.57903226,-23.77258065
209,Empire State of Mind (Part II) Broken Down,Alicia Keys,hip pop,272.8294355,57.30362903,54.76814516,-3.533064516,19.36854839,95.60443548,203.3899194,-63.56330645,-16.74758065,-24.44112903
210,Only Girl (In The World),Rihanna,barbadian pop,273.8774194,57.15483871,54.67741935,-3.522580645,19.36774194,95.8516129,203.2,-64.07096774,-16.91612903,-25.10967742
211,Club Can't Handle Me (feat. David Guetta),Flo Rida,dance pop,274.9254032,57.00604839,54.58669355,-3.512096774,19.36693548,96.09879032,203.0100806,-64.57862903,-17.08467742,-25.77822581
212,Marry You,Bruno Mars,pop,275.9733871,56.85725806,54.49596774,-3.501612903,19.36612903,96.34596774,202.8201613,-65.08629032,-17.25322581,-26.44677419
213,Cooler Than Me - Single Mix,Mike Posner,dance pop,277.021371,56.70846774,54.40524194,-3.491129032,19.36532258,96.59314516,202.6302419,-65.59395161,-17.42177419,-27.11532258
214,Telephone,Lady Gaga,dance pop,278.0693548,56.55967742,54.31451613,-3.480645161,19.36451613,96.84032258,202.4403226,-66.1016129,-17.59032258,-27.78387097
215,Like A G9,Far East Movement,dance pop,279.1173387,56.4108871,54.22379032,-3.47016129,19.36370968,97.0875,202.2504032,-66.60927419,-17.75887097,-28.45241935
216,OMG (feat. will.i.am),Usher,atl hip hop,280.1653226,56.26209677,54.13306452,-3.459677419,19.36290323,97.33467742,202.0604839,-67.11693548,-17.92741935,-29.12096774
217,Eenie Meenie,Sean Kingston,dance pop,281.2133065,56.11330645,54.04233871,-3.449193548,19.36209677,97.58185484,201.8705645,-67.62459677,-18.09596774,-29.78951613
218,The Time (Dirty Bit),The Black Eyed Peas,dance pop,282.2612903,55.96451613,53.9516129,-3.438709677,19.36129032,97.82903226,201.6806452,-68.13225806,-18.26451613,-30.45806452
219,Alejandro,Lady Gaga,dance pop,283.3092742,55.81572581,53.8608871,-3.428225806,19.36048387,98.07620968,201.4907258,-68.63991935,-18.43306452,-31.1266129
220,Your Love Is My Drug,Kesha,dance pop,284.3572581,55.66693548,53.77016129,-3.417741935,19.35967742,98.3233871,201.3008065,-69.14758065,-18.6016129,-31.79516129
221,Meet Me Halfway,The Black Eyed Peas,dance pop,285.4052419,55.51814516,53.67943548,-3.407258065,19.35887097,98.57056452,201.1108871,-69.65524194,-18.77016129,-32.46370968
222,Whataya Want from Me,Adam Lambert,australian pop,286.4532258,55.36935484,53.58870968,-3.396774194,19.35806452,98.81774194,200.9209677,-70.16290323,-18.93870968,-33.13225806
223,Take It Off,Kesha,dance pop,287.5012097,55.22056452,53.49798387,-3.386290323,19.35725806,99.06491935,200.7310484,-70.67056452,-19.10725806,-33.80080645
224,Misery,Maroon 8,pop,288.5491935,55.07177419,53.40725806,-3.375806452,19.35645161,99.31209677,200.541129,-71.17822581,-19.27580645,-34.46935484
225,All The Right Moves,OneRepublic,dance pop,289.5971774,54.92298387,53.31653226,-3.365322581,19.35564516,99.55927419,200.3512097,-71.6858871,-19.44435484,-35.13790323
226,Animal,Neon Trees,indie pop,290.6451613,54.77419355,53.22580645,-3.35483871,19.35483871,99.80645161,200.1612903,-72.19354839,-19.61290323,-35.80645161
227,Naturally,Selena Gomez & The Scene,dance pop,291.6931452,54.62540323,53.13508065,-3.344354839,19.35403226,100.053629,199.971371,-72.70120968,-19.78145161,-36.475
228,I Like It,Enrique Iglesias,dance pop,292.741129,54.4766129,53.04435484,-3.333870968,19.35322581,100.3008065,199.7814516,-73.20887097,-19.95,-37.14354839
229,Teenage Dream,Katy Perry,dance pop,293.7891129,54.32782258,52.95362903,-3.323387097,19.35241935,100.5479839,199.5915323,-73.71653226,-20.11854839,-37.81209677
230,California Gurls,Katy Perry,dance pop,294.8370968,54.17903226,52.86290323,-3.312903226,19.3516129,100.7951613,199.4016129,-74.22419355,-20.28709677,-38.48064516
231,6,Britney Spears,dance pop,295.8850806,54.03024194,52.77217742,-3.302419355,19.35080645,101.0423387,199.2116935,-74.73185484,-20.45564516,-39.14919355
232,"Hey, Soul Sister",Train,neo mellow,296.9330645,53.88145161,52.68145161,-3.291935484,19.35,101.2895161,199.0217742,-75.23951613,-20.62419355,-39.81774194
233,Love The Way You Lie,Eminem,detroit hip hop,297.9810484,53.73266129,52.59072581,-3.281451613,19.34919355,101.5366935,198.8318548,-75.74717742,-20.79274194,-40.48629032
234,TiK ToK,Kesha,dance pop,299.0290323,53.58387097,52.5,-3.270967742,19.3483871,101.783871,198.6419355,-76.25483871,-20.96129032,-41.15483871
235,Bad Romance,Lady Gaga,dance pop,300.0770161,53.43508065,52.40927419,-3.260483871,19.34758065,102.0310484,198.4520161,-76.7625,-21.12983871,-41.8233871
236,Just the Way You Are,Bruno Mars,pop,301.125,53.28629032,52.31854839,-3.25,19.34677419,102.2782258,198.2620968,-77.27016129,-21.2983871,-42.49193548
237,Baby,Justin Bieber,canadian pop,302.1729839,53.1375,52.22782258,-3.239516129,19.34596774,102.5254032,198.0721774,-77.77782258,-21.46693548,-43.16048387
238,Dynamite,Taio Cruz,dance pop,303.2209677,52.98870968,52.13709677,-3.229032258,19.34516129,102.7725806,197.8822581,-78.28548387,-21.63548387,-43.82903226
239,Secrets,OneRepublic,dance pop,304.2689516,52.83991935,52.04637097,-3.218548387,19.34435484,103.0197581,197.6923387,-78.79314516,-21.80403226,-44.49758065
240,Empire State of Mind (Part II) Broken Down,Alicia Keys,hip pop,305.3169355,52.69112903,51.95564516,-3.208064516,19.34354839,103.2669355,197.5024194,-79.30080645,-21.97258065,-45.16612903
241,Only Girl (In The World),Rihanna,barbadian pop,306.3649194,52.54233871,51.86491935,-3.197580645,19.34274194,103.5141129,197.3125,-79.80846774,-22.14112903,-45.83467742
242,Club Can't Handle Me (feat. David Guetta),Flo Rida,dance pop,307.4129032,52.39354839,51.77419355,-3.187096774,19.34193548,103.7612903,197.1225806,-80.31612903,-22.30967742,-46.50322581
243,Marry You,Bruno Mars,pop,308.4608871,52.24475806,51.68346774,-3.176612903,19.34112903,104.0084677,196.9326613,-80.82379032,-22.47822581,-47.17177419
244,Cooler Than Me - Single Mix,Mike Posner,dance pop,309.508871,52.09596774,51.59274194,-3.166129032,19.34032258,104.2556452,196.7427419,-81.33145161,-22.64677419,-47.84032258
245,Telephone,Lady Gaga,dance pop,310.5568548,51.94717742,51.50201613,-3.155645161,19.33951613,104.5028226,196.5528226,-81.8391129,-22.81532258,-48.50887097
246,Like A G10,Far East Movement,dance pop,311.6048387,51.7983871,51.41129032,-3.14516129,19.33870968,104.75,196.3629032,-82.34677419,-22.98387097,-49.17741935
247,OMG (feat. will.i.am),Usher,atl hip hop,312.6528226,51.64959677,51.32056452,-3.134677419,19.33790323,104.9971774,196.1729839,-82.85443548,-23.15241935,-49.84596774
248,Eenie Meenie,Sean Kingston,dance pop,313.7008065,51.50080645,51.22983871,-3.124193548,19.33709677,105.2443548,195.9830645,-83.36209677,-23.32096774,-50.51451613
249,The Time (Dirty Bit),The Black Eyed Peas,dance pop,314.7487903,51.35201613,51.1391129,-3.113709677,19.33629032,105.4915323,195.7931452,-83.86975806,-23.48951613,-51.18306452
250,Alejandro,Lady Gaga,dance pop,315.7967742,51.20322581,51.0483871,-3.103225806,19.33548387,105.7387097,195.6032258,-84.37741935,-23.65806452,-51.8516129
251,"Hey, Soul Sister",Train,neo mellow,316.8447581,51.05443548,50.95766129,-3.092741935,19.33467742,105.9858871,195.4133065,-84.88508065,-23.8266129,-52.52016129
252,Love The Way You Lie,Eminem,detroit hip hop,317.8927419,50.90564516,50.86693548,-3.082258065,19.33387097,106.2330645,195.2233871,-85.39274194,-23.99516129,-53.18870968
253,TiK ToK,Kesha,dance pop,318.9407258,50.75685484,50.77620968,-3.071774194,19.33306452,106.4802419,195.0334677,-85.90040323,-24.16370968,-53.85725806
254,Bad Romance,Lady Gaga,dance pop,319.9887097,50.60806452,50.68548387,-3.061290323,19.33225806,106.7274194,194.8435484,-86.40806452,-24.33225806,-54.52580645
255,Just the Way You Are,Bruno Mars,pop,321.0366935,50.45927419,50.59475806,-3.050806452,19.33145161,106.9745968,194.653629,-86.91572581,-24.50080645,-55.19435484
256,Baby,Justin Bieber,canadian pop,322.0846774,50.31048387,50.50403226,-3.040322581,19.33064516,107.2217742,194.4637097,-87.4233871,-24.66935484,-55.86290323
257,Dynamite,Taio Cruz,dance pop,323.1326613,50.16169355,50.41330645,-3.02983871,19.32983871,107.4689516,194.2737903,-87.93104839,-24.83790323,-56.53145161
258,Secrets,OneRepublic,dance pop,324.1806452,50.01290323,50.32258065,-3.019354839,19.32903226,107.716129,194.083871,-88.43870968,-25.00645161,-57.2
259,Empire State of Mind (Part II) Broken Down,Alicia Keys,hip pop,325.228629,49.8641129,50.23185484,-3.008870968,19.32822581,107.9633065,193.8939516,-88.94637097,-25.175,-57.86854839
260,Only Girl (In The World),Rihanna,barbadian pop,326.2766129,49.71532258,50.14112903,-2.998387097,19.32741935,108.2104839,193.7040323,-89.45403226,-25.34354839,-58.53709677
261,Club Can't Handle Me (feat. David Guetta),Flo Rida,dance pop,327.3245968,49.56653226,50.05040323,-2.987903226,19.3266129,108.4576613,193.5141129,-89.96169355,-25.51209677,-59.20564516
262,Marry You,Bruno Mars,pop,328.3725806,49.41774194,49.95967742,-2.977419355,19.32580645,108.7048387,193.3241935,-90.46935484,-25.68064516,-59.87419355
263,Cooler Than Me - Single Mix,Mike Posner,dance pop,329.4205645,49.26895161,49.86895161,-2.966935484,19.325,108.9520161,193.1342742,-90.97701613,-25.84919355,-60.54274194
264,Telephone,Lady Gaga,dance pop,330.4685484,49.12016129,49.77822581,-2.956451613,19.32419355,109.1991935,192.9443548,-91.48467742,-26.01774194,-61.21129032
265,Like A G10,Far East Movement,dance pop,331.5165323,48.97137097,49.6875,-2.945967742,19.3233871,109.446371,192.7544355,-91.99233871,-26.18629032,-61.87983871
266,OMG (feat. will.i.am),Usher,atl hip hop,332.5645161,48.82258065,49.59677419,-2.935483871,19.32258065,109.6935484,192.5645161,-92.5,-26.35483871,-62.5483871
267,Eenie Meenie,Sean Kingston,dance pop,333.6125,48.67379032,49.50604839,-2.925,19.32177419,109.9407258,192.3745968,-93.00766129,-26.5233871,-63.21693548
268,The Time (Dirty Bit),The Black Eyed Peas,dance pop,334.6604839,48.525,49.41532258,-2.914516129,19.32096774,110.1879032,192.1846774,-93.51532258,-26.69193548,-63.88548387
269,Alejandro,Lady Gaga,dance pop,335.7084677,48.37620968,49.32459677,-2.904032258,19.32016129,110.4350806,191.9947581,-94.02298387,-26.86048387,-64.55403226
270,Your Love Is My Drug,Kesha,dance pop,336.7564516,48.22741935,49.23387097,-2.893548387,19.31935484,110.6822581,191.8048387,-94.53064516,-27.02903226,-65.22258065
271,Meet Me Halfway,The Black Eyed Peas,dance pop,337.8044355,48.07862903,49.14314516,-2.883064516,19.31854839,110.9294355,191.6149194,-95.03830645,-27.19758065,-65.89112903
272,Whataya Want from Me,Adam Lambert,australian pop,338.8524194,47.92983871,49.05241935,-2.872580645,19.31774194,111.1766129,191.425,-95.54596774,-27.36612903,-66.55967742
273,Take It Off,Kesha,dance pop,339.9004032,47.78104839,48.96169355,-2.862096774,19.31693548,111.4237903,191.2350806,-96.05362903,-27.53467742,-67.22822581
274,Misery,Maroon 9,pop,340.9483871,47.63225806,48.87096774,-2.851612903,19.31612903,111.6709677,191.0451613,-96.56129032,-27.70322581,-67.89677419
275,All The Right Moves,OneRepublic,dance pop,341.996371,47.48346774,48.78024194,-2.841129032,19.31532258,111.9181452,190.8552419,-97.06895161,-27.87177419,-68.56532258
276,Animal,Neon Trees,indie pop,343.0443548,47.33467742,48.68951613,-2.830645161,19.31451613,112.1653226,190.6653226,-97.5766129,-28.04032258,-69.23387097
277,Naturally,Selena Gomez & The Scene,dance pop,344.0923387,47.1858871,48.59879032,-2.82016129,19.31370968,112.4125,190.4754032,-98.08427419,-28.20887097,-69.90241935
278,I Like It,Enrique Iglesias,dance pop,345.1403226,47.03709677,48.50806452,-2.809677419,19.31290323,112.6596774,190.2854839,-98.59193548,-28.37741935,-70.57096774
279,Teenage Dream,Katy Perry,dance pop,346.1883065,46.88830645,48.41733871,-2.799193548,19.31209677,112.9068548,190.0955645,-99.09959677,-28.54596774,-71.23951613
280,California Gurls,Katy Perry,dance pop,347.2362903,46.73951613,48.3266129,-2.788709677,19.31129032,113.1540323,189.9056452,-99.60725806,-28.71451613,-71.90806452
281,7,Britney Spears,dance pop,348.2842742,46.59072581,48.2358871,-2.778225806,19.31048387,113.4012097,189.7157258,-100.1149194,-28.88306452,-72.5766129
282,"Hey, Soul Sister",Train,neo mellow,349.3322581,46.44193548,48.14516129,-2.767741935,19.30967742,113.6483871,189.5258065,-100.6225806,-29.0516129,-73.24516129
283,Love The Way You Lie,Eminem,detroit hip hop,350.3802419,46.29314516,48.05443548,-2.757258065,19.30887097,113.8955645,189.3358871,-101.1302419,-29.22016129,-73.91370968
284,TiK ToK,Kesha,dance pop,351.4282258,46.14435484,47.96370968,-2.746774194,19.30806452,114.1427419,189.1459677,-101.6379032,-29.38870968,-74.58225806
285,Bad Romance,Lady Gaga,dance pop,352.4762097,45.99556452,47.87298387,-2.736290323,19.30725806,114.3899194,188.9560484,-102.1455645,-29.55725806,-75.25080645
286,Just the Way You Are,Bruno Mars,pop,353.5241935,45.84677419,47.78225806,-2.725806452,19.30645161,114.6370968,188.766129,-102.6532258,-29.72580645,-75.91935484
287,Baby,Justin Bieber,canadian pop,354.5721774,45.69798387,47.69153226,-2.715322581,19.30564516,114.8842742,188.5762097,-103.1608871,-29.89435484,-76.58790323
288,Dynamite,Taio Cruz,dance pop,355.6201613,45.54919355,47.60080645,-2.70483871,19.30483871,115.1314516,188.3862903,-103.6685484,-30.06290323,-77.25645161
289,Secrets,OneRepublic,dance pop,356.6681452,45.40040323,47.51008065,-2.694354839,19.30403226,115.378629,188.196371,-104.1762097,-30.23145161,-77.925
290,Empire State of Mind (Part II) Broken Down,Alicia Keys,hip pop,357.716129,45.2516129,47.41935484,-2.683870968,19.30322581,115.6258065,188.0064516,-104.683871,-30.4,-78.59354839
291,Only Girl (In The World),Rihanna,barbadian pop,358.7641129,45.10282258,47.32862903,-2.673387097,19.30241935,115.8729839,187.8165323,-105.1915323,-30.56854839,-79.26209677
292,Club Can't Handle Me (feat. David Guetta),Flo Rida,dance pop,359.8120968,44.95403226,47.23790323,-2.662903226,19.3016129,116.1201613,187.6266129,-105.6991935,-30.73709677,-79.93064516
293,Marry You,Bruno Mars,pop,360.8600806,44.80524194,47.14717742,-2.652419355,19.30080645,116.3673387,187.4366935,-106.2068548,-30.90564516,-80.59919355
294,Cooler Than Me - Single Mix,Mike Posner,dance pop,361.9080645,44.65645161,47.05645161,-2.641935484,19.3,116.6145161,187.2467742,-106.7145161,-31.07419355,-81.26774194
295,Telephone,Lady Gaga,dance pop,362.9560484,44.50766129,46.96572581,-2.631451613,19.29919355,116.8616935,187.0568548,-107.2221774,-31.24274194,-81.93629032
296,Like A G11,Far East Movement,dance pop,364.0040323,44.35887097,46.875,-2.620967742,19.2983871,117.108871,186.8669355,-107.7298387,-31.41129032,-82.60483871
297,OMG (feat. will.i.am),Usher,atl hip hop,365.0520161,44.21008065,46.78427419,-2.610483871,19.29758065,117.3560484,186.6770161,-108.2375,-31.57983871,-83.2733871
298,Eenie Meenie,Sean Kingston,dance pop,366.1,44.06129032,46.69354839,-2.6,19.29677419,117.6032258,186.4870968,-108.7451613,-31.7483871,-83.94193548
299,The Time (Dirty Bit),The Black Eyed Peas,dance pop,367.1479839,43.9125,46.60282258,-2.589516129,19.29596774,117.8504032,186.2971774,-109.2528226,-31.91693548,-84.61048387
300,Alejandro,Lady Gaga,dance pop,368.1959677,43.76370968,46.51209677,-2.579032258,19.29516129,118.0975806,186.1072581,-109.7604839,-32.08548387,-85.27903226
301,"Hey, Soul Sister",Train,neo mellow,369.2439516,43.61491935,46.42137097,-2.568548387,19.29435484,118.3447581,185.9173387,-110.2681452,-32.25403226,-85.94758065
302,Love The Way You Lie,Eminem,detroit hip hop,370.2919355,43.46612903,46.33064516,-2.558064516,19.29354839,118.5919355,185.7274194,-110.7758065,-32.42258065,-86.61612903
303,TiK ToK,Kesha,dance pop,371.3399194,43.31733871,46.23991935,-2.547580645,19.29274194,118.8391129,185.5375,-111.2834677,-32.59112903,-87.28467742
304,Bad Romance,Lady Gaga,dance pop,372.3879032,43.16854839,46.14919355,-2.537096774,19.29193548,119.0862903,185.3475806,-111.791129,-32.75967742,-87.95322581
305,Just the Way You Are,Bruno Mars,pop,373.4358871,43.01975806,46.05846774,-2.526612903,19.29112903,119.3334677,185.1576613,-112.2987903,-32.92822581,-88.62177419
306,Baby,Justin Bieber,canadian pop,374.483871,42.87096774,45.96774194,-2.516129032,19.29032258,119.5806452,184.9677419,-112.8064516,-33.09677419,-89.29032258
307,Dynamite,Taio Cruz,dance pop,375.5318548,42.72217742,45.87701613,-2.505645161,19.28951613,119.8278226,184.7778226,-113.3141129,-33.26532258,-89.95887097
308,Secrets,OneRepublic,dance pop,376.5798387,42.5733871,45.78629032,-2.49516129,19.28870968,120.075,184.5879032,-113.8217742,-33.43387097,-90.62741935
309,Empire State of Mind (Part II) Broken Down,Alicia Keys,hip pop,377.6278226,42.42459677,45.69556452,-2.484677419,19.28790323,120.3221774,184.3979839,-114.3294355,-33.60241935,-91.29596774
310,Only Girl (In The World),Rihanna,barbadian pop,378.6758065,42.27580645,45.60483871,-2.474193548,19.28709677,120.5693548,184.2080645,-114.8370968,-33.77096774,-91.96451613
311,Club Can't Handle Me (feat. David Guetta),Flo Rida,dance pop,379.7237903,42.12701613,45.5141129,-2.463709677,19.28629032,120.8165323,184.0181452,-115.3447581,-33.93951613,-92.63306452
312,Marry You,Bruno Mars,pop,380.7717742,41.97822581,45.4233871,-2.453225806,19.28548387,121.0637097,183.8282258,-115.8524194,-34.10806452,-93.3016129
313,Cooler Than Me - Single Mix,Mike Posner,dance pop,381.8197581,41.82943548,45.33266129,-2.442741935,19.28467742,121.3108871,183.6383065,-116.3600806,-34.2766129,-93.97016129
314,Telephone,Lady Gaga,dance pop,382.8677419,41.68064516,45.24193548,-2.432258065,19.28387097,121.5580645,183.4483871,-116.8677419,-34.44516129,-94.63870968
315,Like A G11,Far East Movement,dance pop,383.9157258,41.53185484,45.15120968,-2.421774194,19.28306452,121.8052419,183.2584677,-117.3754032,-34.61370968,-95.30725806
316,OMG (feat. will.i.am),Usher,atl hip hop,384.9637097,41.38306452,45.06048387,-2.411290323,19.28225806,122.0524194,183.0685484,-117.8830645,-34.78225806,-95.97580645
317,Eenie Meenie,Sean Kingston,dance pop,386.0116935,41.23427419,44.96975806,-2.400806452,19.28145161,122.2995968,182.878629,-118.3907258,-34.95080645,-96.64435484
318,The Time (Dirty Bit),The Black Eyed Peas,dance pop,387.0596774,41.08548387,44.87903226,-2.390322581,19.28064516,122.5467742,182.6887097,-118.8983871,-35.11935484,-97.31290323
319,Alejandro,Lady Gaga,dance pop,388.1076613,40.93669355,44.78830645,-2.37983871,19.27983871,122.7939516,182.4987903,-119.4060484,-35.28790323,-97.98145161
320,Your Love Is My Drug,Kesha,dance pop,389.1556452,40.78790323,44.69758065,-2.369354839,19.27903226,123.041129,182.308871,-119.9137097,-35.45645161,-98.65
321,Meet Me Halfway,The Black Eyed Peas,dance pop,390.203629,40.6391129,44.60685484,-2.358870968,19.27822581,123.2883065,182.1189516,-120.421371,-35.625,-99.31854839
322,Whataya Want from Me,Adam Lambert,australian pop,391.2516129,40.49032258,44.51612903,-2.348387097,19.27741935,123.5354839,181.9290323,-120.9290323,-35.79354839,-99.98709677
323,Take It Off,Kesha,dance pop,392.2995968,40.34153226,44.42540323,-2.337903226,19.2766129,123.7826613,181.7391129,-121.4366935,-35.96209677,-100.6556452
324,Misery,Maroon 10,pop,393.3475806,40.19274194,44.33467742,-2.327419355,19.27580645,124.0298387,181.5491935,-121.9443548,-36.13064516,-101.3241935
325,All The Right Moves,OneRepublic,dance pop,394.3955645,40.04395161,44.24395161,-2.316935484,19.275,124.2770161,181.3592742,-122.4520161,-36.29919355,-101.9927419
326,Animal,Neon Trees,indie pop,395.4435484,39.89516129,44.15322581,-2.306451613,19.27419355,124.5241935,181.1693548,-122.9596774,-36.46774194,-102.6612903
327,Naturally,Selena Gomez & The Scene,dance pop,396.4915323,39.74637097,44.0625,-2.295967742,19.2733871,124.771371,180.9794355,-123.4673387,-36.63629032,-103.3298387
328,I Like It,Enrique Iglesias,dance pop,397.5395161,39.59758065,43.97177419,-2.285483871,19.27258065,125.0185484,180.7895161,-123.975,-36.80483871,-103.9983871
329,Teenage Dream,Katy Perry,dance pop,398.5875,39.44879032,43.88104839,-2.275,19.27177419,125.2657258,180.5995968,-124.4826613,-36.9733871,-104.6669355
330,California Gurls,Katy Perry,dance pop,399.6354839,39.3,43.79032258,-2.264516129,19.27096774,125.5129032,180.4096774,-124.9903226,-37.14193548,-105.3354839
331,8,Britney Spears,dance pop,400.6834677,39.15120968,43.69959677,-2.254032258,19.27016129,125.7600806,180.2197581,-125.4979839,-37.31048387,-106.0040323
332,"Hey, Soul Sister",Train,neo mellow,401.7314516,39.00241935,43.60887097,-2.243548387,19.26935484,126.0072581,180.0298387,-126.0056452,-37.47903226,-106.6725806
333,Love The Way You Lie,Eminem,detroit hip hop,402.7794355,38.85362903,43.51814516,-2.233064516,19.26854839,126.2544355,179.8399194,-126.5133065,-37.64758065,-107.341129
334,TiK ToK,Kesha,dance pop,403.8274194,38.70483871,43.42741935,-2.222580645,19.26774194,126.5016129,179.65,-127.0209677,-37.81612903,-108.0096774
335,Bad Romance,Lady Gaga,dance pop,404.8754032,38.55604839,43.33669355,-2.212096774,19.26693548,126.7487903,179.4600806,-127.528629,-37.98467742,-108.6782258
336,Just the Way You Are,Bruno Mars,pop,405.9233871,38.40725806,43.24596774,-2.201612903,19.26612903,126.9959677,179.2701613,-128.0362903,-38.15322581,-109.3467742
337,Baby,Justin Bieber,canadian pop,406.971371,38.25846774,43.15524194,-2.191129032,19.26532258,127.2431452,179.0802419,-128.5439516,-38.32177419,-110.0153226
338,Dynamite,Taio Cruz,dance pop,408.0193548,38.10967742,43.06451613,-2.180645161,19.26451613,127.4903226,178.8903226,-129.0516129,-38.49032258,-110.683871
339,Secrets,OneRepublic,dance pop,409.0673387,37.9608871,42.97379032,-2.17016129,19.26370968,127.7375,178.7004032,-129.5592742,-38.65887097,-111.3524194
340,Empire State of Mind (Part II) Broken Down,Alicia Keys,hip pop,410.1153226,37.81209677,42.88306452,-2.159677419,19.26290323,127.9846774,178.5104839,-130.0669355,-38.82741935,-112.0209677
341,Only Girl (In The World),Rihanna,barbadian pop,411.1633065,37.66330645,42.79233871,-2.149193548,19.26209677,128.2318548,178.3205645,-130.5745968,-38.99596774,-112.6895161
342,Club Can't Handle Me (feat. David Guetta),Flo Rida,dance pop,412.2112903,37.51451613,42.7016129,-2.138709677,19.26129032,128.4790323,178.1306452,-131.0822581,-39.16451613,-113.3580645
343,Marry You,Bruno Mars,pop,413.2592742,37.36572581,42.6108871,-2.128225806,19.26048387,128.7262097,177.9407258,-131.5899194,-39.33306452,-114.0266129
344,Cooler Than Me - Single Mix,Mike Posner,dance pop,414.3072581,37.21693548,42.52016129,-2.117741935,19.25967742,128.9733871,177.7508065,-132.0975806,-39.5016129,-114.6951613
345,Telephone,Lady Gaga,dance pop,415.3552419,37.06814516,42.42943548,-2.107258065,19.25887097,129.2205645,177.5608871,-132.6052419,-39.67016129,-115.3637097
346,Like A G12,Far East Movement,dance pop,416.4032258,36.91935484,42.33870968,-2.096774194,19.25806452,129.4677419,177.3709677,-133.1129032,-39.83870968,-116.0322581
347,OMG (feat. will.i.am),Usher,atl hip hop,417.4512097,36.77056452,42.24798387,-2.086290323,19.25725806,129.7149194,177.1810484,-133.6205645,-40.00725806,-116.7008065
348,Eenie Meenie,Sean Kingston,dance pop,418.4991935,36.62177419,42.15725806,-2.075806452,19.25645161,129.9620968,176.991129,-134.1282258,-40.17580645,-117.3693548
349,The Time (Dirty Bit),The Black Eyed Peas,dance pop,419.5471774,36.47298387,42.06653226,-2.065322581,19.25564516,130.2092742,176.8012097,-134.6358871,-40.34435484,-118.0379032
350,Alejandro,Lady Gaga,dance pop,420.5951613,36.32419355,41.97580645,-2.05483871,19.25483871,130.4564516,176.6112903,-135.1435484,-40.51290323,-118.7064516
351,"Hey, Soul Sister",Train,neo mellow,421.6431452,36.17540323,41.88508065,-2.044354839,19.25403226,130.703629,176.421371,-135.6512097,-40.68145161,-119.375
352,Love The Way You Lie,Eminem,detroit hip hop,422.691129,36.0266129,41.79435484,-2.033870968,19.25322581,130.9508065,176.2314516,-136.158871,-40.85,-120.0435484
353,TiK ToK,Kesha,dance pop,423.7391129,35.87782258,41.70362903,-2.023387097,19.25241935,131.1979839,176.0415323,-136.6665323,-41.01854839,-120.7120968
354,Bad Romance,Lady Gaga,dance pop,424.7870968,35.72903226,41.61290323,-2.012903226,19.2516129,131.4451613,175.8516129,-137.1741935,-41.18709677,-121.3806452
355,Just the Way You Are,Bruno Mars,pop,425.8350806,35.58024194,41.52217742,-2.002419355,19.25080645,131.6923387,175.6616935,-137.6818548,-41.35564516,-122.0491935
356,Baby,Justin Bieber,canadian pop,426.8830645,35.43145161,41.43145161,-1.991935484,19.25,131.9395161,175.4717742,-138.1895161,-41.52419355,-122.7177419
357,Dynamite,Taio Cruz,dance pop,427.9310484,35.28266129,41.34072581,-1.981451613,19.24919355,132.1866935,175.2818548,-138.6971774,-41.69274194,-123.3862903
358,Secrets,OneRepublic,dance pop,428.9790323,35.13387097,41.25,-1.970967742,19.2483871,132.433871,175.0919355,-139.2048387,-41.86129032,-124.0548387
359,Empire State of Mind (Part II) Broken Down,Alicia Keys,hip pop,430.0270161,34.98508065,41.15927419,-1.960483871,19.24758065,132.6810484,174.9020161,-139.7125,-42.02983871,-124.7233871
360,Only Girl (In The World),Rihanna,barbadian pop,431.075,34.83629032,41.06854839,-1.95,19.24677419,132.9282258,174.7120968,-140.2201613,-42.1983871,-125.3919355
361,Club Can't Handle Me (feat. David Guetta),Flo Rida,dance pop,432.1229839,34.6875,40.97782258,-1.939516129,19.24596774,133.1754032,174.5221774,-140.7278226,-42.36693548,-126.0604839
362,Marry You,Bruno Mars,pop,433.1709677,34.53870968,40.88709677,-1.929032258,19.24516129,133.4225806,174.3322581,-141.2354839,-42.53548387,-126.7290323
363,Cooler Than Me - Single Mix,Mike Posner,dance pop,434.2189516,34.38991935,40.79637097,-1.918548387,19.24435484,133.6697581,174.1423387,-141.7431452,-42.70403226,-127.3975806
364,Telephone,Lady Gaga,dance pop,435.2669355,34.24112903,40.70564516,-1.908064516,19.24354839,133.9169355,173.9524194,-142.2508065,-42.87258065,-128.066129
365,Like A G12,Far East Movement,dance pop,436.3149194,34.09233871,40.61491935,-1.897580645,19.24274194,134.1641129,173.7625,-142.7584677,-43.04112903,-128.7346774
366,OMG (feat. will.i.am),Usher,atl hip hop,437.3629032,33.94354839,40.52419355,-1.887096774,19.24193548,134.4112903,173.5725806,-143.266129,-43.20967742,-129.4032258
367,Eenie Meenie,Sean Kingston,dance pop,438.4108871,33.79475806,40.43346774,-1.876612903,19.24112903,134.6584677,173.3826613,-143.7737903,-43.37822581,-130.0717742
368,The Time (Dirty Bit),The Black Eyed Peas,dance pop,439.458871,33.64596774,40.34274194,-1.866129032,19.24032258,134.9056452,173.1927419,-144.2814516,-43.54677419,-130.7403226
369,Alejandro,Lady Gaga,dance pop,440.5068548,33.49717742,40.25201613,-1.855645161,19.23951613,135.1528226,173.0028226,-144.7891129,-43.71532258,-131.408871
370,Your Love Is My Drug,Kesha,dance pop,441.5548387,33.3483871,40.16129032,-1.84516129,19.23870968,135.4,172.8129032,-145.2967742,-43.88387097,-132.0774194
371,Meet Me Halfway,The Black Eyed Peas,dance pop,442.6028226,33.19959677,40.07056452,-1.834677419,19.23790323,135.6471774,172.6229839,-145.8044355,-44.05241935,-132.7459677
372,Whataya Want from Me,Adam Lambert,australian pop,443.6508065,33.05080645,39.97983871,-1.824193548,19.23709677,135.8943548,172.4330645,-146.3120968,-44.22096774,-133.4145161
373,Take It Off,Kesha,dance pop,444.6987903,32.90201613,39.8891129,-1.813709677,19.23629032,136.1415323,172.2431452,-146.8197581,-44.38951613,-134.0830645
374,Misery,Maroon 11,pop,445.7467742,32.75322581,39.7983871,-1.803225806,19.23548387,136.3887097,172.0532258,-147.3274194,-44.55806452,-134.7516129
375,All The Right Moves,OneRepublic,dance pop,446.7947581,32.60443548,39.70766129,-1.792741935,19.23467742,136.6358871,171.8633065,-147.8350806,-44.7266129,-135.4201613
376,Animal,Neon Trees,indie pop,447.8427419,32.45564516,39.61693548,-1.782258065,19.23387097,136.8830645,171.6733871,-148.3427419,-44.89516129,-136.0887097
377,Naturally,Selena Gomez & The Scene,dance pop,448.8907258,32.30685484,39.52620968,-1.771774194,19.23306452,137.1302419,171.4834677,-148.8504032,-45.06370968,-136.7572581
378,I Like It,Enrique Iglesias,dance pop,449.9387097,32.15806452,39.43548387,-1.761290323,19.23225806,137.3774194,171.2935484,-149.3580645,-45.23225806,-137.4258065
379,Teenage Dream,Katy Perry,dance pop,450.9866935,32.00927419,39.34475806,-1.750806452,19.23145161,137.6245968,171.103629,-149.8657258,-45.40080645,-138.0943548
380,California Gurls,Katy Perry,dance pop,452.0346774,31.86048387,39.25403226,-1.740322581,19.23064516,137.8717742,170.9137097,-150.3733871,-45.56935484,-138.7629032
381,9,Britney Spears,dance pop,453.0826613,31.71169355,39.16330645,-1.72983871,19.22983871,138.1189516,170.7237903,-150.8810484,-45.73790323,-139.4314516
382,"Hey, Soul Sister",Train,neo mellow,454.1306452,31.56290323,39.07258065,-1.719354839,19.22903226,138.366129,170.533871,-151.3887097,-45.90645161,-140.1
383,Love The Way You Lie,Eminem,detroit hip hop,455.178629,31.4141129,38.98185484,-1.708870968,19.22822581,138.6133065,170.3439516,-151.896371,-46.075,-140.7685484
384,TiK ToK,Kesha,dance pop,456.2266129,31.26532258,38.89112903,-1.698387097,19.22741935,138.8604839,170.1540323,-152.4040323,-46.24354839,-141.4370968
385,Bad Romance,Lady Gaga,dance pop,457.2745968,31.11653226,38.80040323,-1.687903226,19.2266129,139.1076613,169.9641129,-152.9116935,-46.41209677,-142.1056452
386,Just the Way You Are,Bruno Mars,pop,458.3225806,30.96774194,38.70967742,-1.677419355,19.22580645,139.3548387,169.7741935,-153.4193548,-46.58064516,-142.7741935
387,Baby,Justin Bieber,canadian pop,459.3705645,30.81895161,38.61895161,-1.666935484,19.225,139.6020161,169.5842742,-153.9270161,-46.74919355,-143.4427419
388,Dynamite,Taio Cruz,dance pop,460.4185484,30.67016129,38.52822581,-1.656451613,19.22419355,139.8491935,169.3943548,-154.4346774,-46.91774194,-144.1112903
389,Secrets,OneRepublic,dance pop,461.4665323,30.52137097,38.4375,-1.645967742,19.2233871,140.096371,169.2044355,-154.9423387,-47.08629032,-144.7798387
390,Empire State of Mind (Part II) Broken Down,Alicia Keys,hip pop,462.5145161,30.37258065,38.34677419,-1.635483871,19.22258065,140.3435484,169.0145161,-155.45,-47.25483871,-145.4483871
391,Only Girl (In The World),Rihanna,barbadian pop,463.5625,30.22379032,38.25604839,-1.625,19.22177419,140.5907258,168.8245968,-155.9576613,-47.4233871,-146.1169355
392,Club Can't Handle Me (feat. David Guetta),Flo Rida,dance pop,464.6104839,30.075,38.16532258,-1.614516129,19.22096774,140.8379032,168.6346774,-156.4653226,-47.59193548,-146.7854839
393,Marry You,Bruno Mars,pop,465.6584677,29.92620968,38.07459677,-1.604032258,19.22016129,141.0850806,168.4447581,-156.9729839,-47.76048387,-147.4540323
394,Cooler Than Me - Single Mix,Mike Posner,dance pop,466.7064516,29.77741935,37.98387097,-1.593548387,19.21935484,141.3322581,168.2548387,-157.4806452,-47.92903226,-148.1225806
395,Telephone,Lady Gaga,dance pop,467.7544355,29.62862903,37.89314516,-1.583064516,19.21854839,141.5794355,168.0649194,-157.9883065,-48.09758065,-148.791129
396,Like A G13,Far East Movement,dance pop,468.8024194,29.47983871,37.80241935,-1.572580645,19.21774194,141.8266129,167.875,-158.4959677,-48.26612903,-149.4596774
397,OMG (feat. will.i.am),Usher,atl hip hop,469.8504032,29.33104839,37.71169355,-1.562096774,19.21693548,142.0737903,167.6850806,-159.003629,-48.43467742,-150.1282258
398,Eenie Meenie,Sean Kingston,dance pop,470.8983871,29.18225806,37.62096774,-1.551612903,19.21612903,142.3209677,167.4951613,-159.5112903,-48.60322581,-150.7967742
399,The Time (Dirty Bit),The Black Eyed Peas,dance pop,471.946371,29.03346774,37.53024194,-1.541129032,19.21532258,142.5681452,167.3052419,-160.0189516,-48.77177419,-151.4653226
400,Alejandro,Lady Gaga,dance pop,472.9943548,28.88467742,37.43951613,-1.530645161,19.21451613,142.8153226,167.1153226,-160.5266129,-48.94032258,-152.133871
401,"Hey, Soul Sister",Train,neo mellow,474.0423387,28.7358871,37.34879032,-1.52016129,19.21370968,143.0625,166.9254032,-161.0342742,-49.10887097,-152.8024194
402,Love The Way You Lie,Eminem,detroit hip hop,475.0903226,28.58709677,37.25806452,-1.509677419,19.21290323,143.3096774,166.7354839,-161.5419355,-49.27741935,-153.4709677
403,TiK ToK,Kesha,dance pop,476.1383065,28.43830645,37.16733871,-1.499193548,19.21209677,143.5568548,166.5455645,-162.0495968,-49.44596774,-154.1395161
404,Bad Romance,Lady Gaga,dance pop,477.1862903,28.28951613,37.0766129,-1.488709677,19.21129032,143.8040323,166.3556452,-162.5572581,-49.61451613,-154.8080645
405,Just the Way You Are,Bruno Mars,pop,478.2342742,28.14072581,36.9858871,-1.478225806,19.21048387,144.0512097,166.1657258,-163.0649194,-49.78306452,-155.4766129
406,Baby,Justin Bieber,canadian pop,479.2822581,27.99193548,36.89516129,-1.467741935,19.20967742,144.2983871,165.9758065,-163.5725806,-49.9516129,-156.1451613
407,Dynamite,Taio Cruz,dance pop,480.3302419,27.84314516,36.80443548,-1.457258065,19.20887097,144.5455645,165.7858871,-164.0802419,-50.12016129,-156.8137097
408,Secrets,OneRepublic,dance pop,481.3782258,27.69435484,36.71370968,-1.446774194,19.20806452,144.7927419,165.5959677,-164.5879032,-50.28870968,-157.4822581
409,Empire State of Mind (Part II) Broken Down,Alicia Keys,hip pop,482.4262097,27.54556452,36.62298387,-1.436290323,19.20725806,145.0399194,165.4060484,-165.0955645,-50.45725806,-158.1508065
410,Only Girl (In The World),Rihanna,barbadian pop,483.4741935,27.39677419,36.53225806,-1.425806452,19.20645161,145.2870968,165.216129,-165.6032258,-50.62580645,-158.8193548
411,Club Can't Handle Me (feat. David Guetta),Flo Rida,dance pop,484.5221774,27.24798387,36.44153226,-1.415322581,19.20564516,145.5342742,165.0262097,-166.1108871,-50.79435484,-159.4879032
412,Marry You,Bruno Mars,pop,485.5701613,27.09919355,36.35080645,-1.40483871,19.20483871,145.7814516,164.8362903,-166.6185484,-50.96290323,-160.1564516
413,Cooler Than Me - Single Mix,Mike Posner,dance pop,486.6181452,26.95040323,36.26008065,-1.394354839,19.20403226,146.028629,164.646371,-167.1262097,-51.13145161,-160.825
414,Telephone,Lady Gaga,dance pop,487.666129,26.8016129,36.16935484,-1.383870968,19.20322581,146.2758065,164.4564516,-167.633871,-51.3,-161.4935484
415,Like A G13,Far East Movement,dance pop,488.7141129,26.65282258,36.07862903,-1.373387097,19.20241935,146.5229839,164.2665323,-168.1415323,-51.46854839,-162.1620968
416,OMG (feat. will.i.am),Usher,atl hip hop,489.7620968,26.50403226,35.98790323,-1.362903226,19.2016129,146.7701613,164.0766129,-168.6491935,-51.63709677,-162.8306452
417,Eenie Meenie,Sean Kingston,dance pop,490.8100806,26.35524194,35.89717742,-1.352419355,19.20080645,147.0173387,163.8866935,-169.1568548,-51.80564516,-163.4991935
418,The Time (Dirty Bit),The Black Eyed Peas,dance pop,491.8580645,26.20645161,35.80645161,-1.341935484,19.2,147.2645161,163.6967742,-169.6645161,-51.97419355,-164.1677419
419,Alejandro,Lady Gaga,dance pop,492.9060484,26.05766129,35.71572581,-1.331451613,19.19919355,147.5116935,163.5068548,-170.1721774,-52.14274194,-164.8362903
420,Your Love Is My Drug,Kesha,dance pop,493.9540323,25.90887097,35.625,-1.320967742,19.1983871,147.758871,163.3169355,-170.6798387,-52.31129032,-165.5048387
421,Meet Me Halfway,The Black Eyed Peas,dance pop,495.0020161,25.76008065,35.53427419,-1.310483871,19.19758065,148.0060484,163.1270161,-171.1875,-52.47983871,-166.1733871
422,Whataya Want from Me,Adam Lambert,australian pop,496.05,25.61129032,35.44354839,-1.3,19.19677419,148.2532258,162.9370968,-171.6951613,-52.6483871,-166.8419355
423,Take It Off,Kesha,dance pop,497.0979839,25.4625,35.35282258,-1.289516129,19.19596774,148.5004032,162.7471774,-172.2028226,-52.81693548,-167.5104839
424,Misery,Maroon 12,pop,498.1459677,25.31370968,35.26209677,-1.279032258,19.19516129,148.7475806,162.5572581,-172.7104839,-52.98548387,-168.1790323
425,All The Right Moves,OneRepublic,dance pop,499.1939516,25.16491935,35.17137097,-1.268548387,19.19435484,148.9947581,162.3673387,-173.2181452,-53.15403226,-168.8475806
426,Animal,Neon Trees,indie pop,500.2419355,25.01612903,35.08064516,-1.258064516,19.19354839,149.2419355,162.1774194,-173.7258065,-53.32258065,-169.516129
427,Naturally,Selena Gomez & The Scene,dance pop,501.2899194,24.86733871,34.98991935,-1.247580645,19.19274194,149.4891129,161.9875,-174.2334677,-53.49112903,-170.1846774
428,I Like It,Enrique Iglesias,dance pop,502.3379032,24.71854839,34.89919355,-1.237096774,19.19193548,149.7362903,161.7975806,-174.741129,-53.65967742,-170.8532258
429,Teenage Dream,Katy Perry,dance pop,503.3858871,24.56975806,34.80846774,-1.226612903,19.19112903,149.9834677,161.6076613,-175.2487903,-53.82822581,-171.5217742
430,California Gurls,Katy Perry,dance pop,504.433871,24.42096774,34.71774194,-1.216129032,19.19032258,150.2306452,161.4177419,-175.7564516,-53.99677419,-172.1903226
431,10,Britney Spears,dance pop,505.4818548,24.27217742,34.62701613,-1.205645161,19.18951613,150.4778226,161.2278226,-176.2641129,-54.16532258,-172.858871
432,"Hey, Soul Sister",Train,neo mellow,506.5298387,24.1233871,34.53629032,-1.19516129,19.18870968,150.725,161.0379032,-176.7717742,-54.33387097,-173.5274194
433,Love The Way You Lie,Eminem,detroit hip hop,507.5778226,23.97459677,34.44556452,-1.184677419,19.18790323,150.9721774,160.8479839,-177.2794355,-54.50241935,-174.1959677
434,TiK ToK,Kesha,dance pop,508.6258065,23.82580645,34.35483871,-1.174193548,19.18709677,151.2193548,160.6580645,-177.7870968,-54.67096774,-174.8645161
435,Bad Romance,Lady Gaga,dance pop,509.6737903,23.67701613,34.2641129,-1.163709677,19.18629032,151.4665323,160.4681452,-178.2947581,-54.83951613,-175.5330645
436,Just the Way You Are,Bruno Mars,pop,510.7217742,23.52822581,34.1733871,-1.153225806,19.18548387,151.7137097,160.2782258,-178.8024194,-55.00806452,-176.2016129
437,Baby,Justin Bieber,canadian pop,511.7697581,23.37943548,34.08266129,-1.142741935,19.18467742,151.9608871,160.0883065,-179.3100806,-55.1766129,-176.8701613
438,Dynamite,Taio Cruz,dance pop,512.8177419,23.23064516,33.99193548,-1.132258065,19.18387097,152.2080645,159.8983871,-179.8177419,-55.34516129,-177.5387097
439,Secrets,OneRepublic,dance pop,513.8657258,23.08185484,33.90120968,-1.121774194,19.18306452,152.4552419,159.7084677,-180.3254032,-55.51370968,-178.2072581
440,Empire State of Mind (Part II) Broken Down,Alicia Keys,hip pop,514.9137097,22.93306452,33.81048387,-1.111290323,19.18225806,152.7024194,159.5185484,-180.8330645,-55.68225806,-178.8758065
441,Only Girl (In The World),Rihanna,barbadian pop,515.9616935,22.78427419,33.71975806,-1.100806452,19.18145161,152.9495968,159.328629,-181.3407258,-55.85080645,-179.5443548
442,Club Can't Handle Me (feat. David Guetta),Flo Rida,dance pop,517.0096774,22.63548387,33.62903226,-1.090322581,19.18064516,153.1967742,159.1387097,-181.8483871,-56.01935484,-180.2129032
443,Marry You,Bruno Mars,pop,518.0576613,22.48669355,33.53830645,-1.07983871,19.17983871,153.4439516,158.9487903,-182.3560484,-56.18790323,-180.8814516
444,Cooler Than Me - Single Mix,Mike Posner,dance pop,519.1056452,22.33790323,33.44758065,-1.069354839,19.17903226,153.691129,158.758871,-182.8637097,-56.35645161,-181.55
445,Telephone,Lady Gaga,dance pop,520.153629,22.1891129,33.35685484,-1.058870968,19.17822581,153.9383065,158.5689516,-183.371371,-56.525,-182.2185484
446,Like A G14,Far East Movement,dance pop,521.2016129,22.04032258,33.26612903,-1.048387097,19.17741935,154.1854839,158.3790323,-183.8790323,-56.69354839,-182.8870968
447,OMG (feat. will.i.am),Usher,atl hip hop,522.2495968,21.89153226,33.17540323,-1.037903226,19.1766129,154.4326613,158.1891129,-184.3866935,-56.86209677,-183.5556452
448,Eenie Meenie,Sean Kingston,dance pop,523.2975806,21.74274194,33.08467742,-1.027419355,19.17580645,154.6798387,157.9991935,-184.8943548,-57.03064516,-184.2241935
449,The Time (Dirty Bit),The Black Eyed Peas,dance pop,524.3455645,21.59395161,32.99395161,-1.016935484,19.175,154.9270161,157.8092742,-185.4020161,-57.19919355,-184.8927419
450,Alejandro,Lady Gaga,dance pop,525.3935484,21.44516129,32.90322581,-1.006451613,19.17419355,155.1741935,157.6193548,-185.9096774,-57.36774194,-185.5612903
451,"Hey, Soul Sister",Train,neo mellow,526.4415323,21.29637097,32.8125,-0.995967742,19.1733871,155.421371,157.4294355,-186.4173387,-57.53629032,-186.2298387
452,Love The Way You Lie,Eminem,detroit hip hop,527.4895161,21.14758065,32.72177419,-0.985483871,19.17258065,155.6685484,157.2395161,-186.925,-57.70483871,-186.8983871
453,TiK ToK,Kesha,dance pop,528.5375,20.99879032,32.63104839,-0.975,19.17177419,155.9157258,157.0495968,-187.4326613,-57.8733871,-187.5669355
454,Bad Romance,Lady Gaga,dance pop,529.5854839,20.85,32.54032258,-0.964516129,19.17096774,156.1629032,156.8596774,-187.9403226,-58.04193548,-188.2354839
455,Just the Way You Are,Bruno Mars,pop,530.6334677,20.70120968,32.44959677,-0.954032258,19.17016129,156.4100806,156.6697581,-188.4479839,-58.21048387,-188.9040323
456,Baby,Justin Bieber,canadian pop,531.6814516,20.55241935,32.35887097,-0.943548387,19.16935484,156.6572581,156.4798387,-188.9556452,-58.37903226,-189.5725806
457,Dynamite,Taio Cruz,dance pop,532.7294355,20.40362903,32.26814516,-0.933064516,19.16854839,156.9044355,156.2899194,-189.4633065,-58.54758065,-190.241129
458,Secrets,OneRepublic,dance pop,533.7774194,20.25483871,32.17741935,-0.922580645,19.16774194,157.1516129,156.1,-189.9709677,-58.71612903,-190.9096774
459,Empire State of Mind (Part II) Broken Down,Alicia Keys,hip pop,534.8254032,20.10604839,32.08669355,-0.912096774,19.16693548,157.3987903,155.9100806,-190.478629,-58.88467742,-191.5782258
460,Only Girl (In The World),Rihanna,barbadian pop,535.8733871,19.95725806,31.99596774,-0.901612903,19.16612903,157.6459677,155.7201613,-190.9862903,-59.05322581,-192.2467742
461,Club Can't Handle Me (feat. David Guetta),Flo Rida,dance pop,536.921371,19.80846774,31.90524194,-0.891129032,19.16532258,157.8931452,155.5302419,-191.4939516,-59.22177419,-192.9153226
462,Marry You,Bruno Mars,pop,537.9693548,19.65967742,31.81451613,-0.880645161,19.16451613,158.1403226,155.3403226,-192.0016129,-59.39032258,-193.583871
463,Cooler Than Me - Single Mix,Mike Posner,dance pop,539.0173387,19.5108871,31.72379032,-0.87016129,19.16370968,158.3875,155.1504032,-192.5092742,-59.55887097,-194.2524194
464,Telephone,Lady Gaga,dance pop,540.0653226,19.36209677,31.63306452,-0.859677419,19.16290323,158.6346774,154.9604839,-193.0169355,-59.72741935,-194.9209677
465,Like A G14,Far East Movement,dance pop,541.1133065,19.21330645,31.54233871,-0.849193548,19.16209677,158.8818548,154.7705645,-193.5245968,-59.89596774,-195.5895161
466,OMG (feat. will.i.am),Usher,atl hip hop,542.1612903,19.06451613,31.4516129,-0.838709677,19.16129032,159.1290323,154.5806452,-194.0322581,-60.06451613,-196.2580645
467,Eenie Meenie,Sean Kingston,dance pop,543.2092742,18.91572581,31.3608871,-0.828225806,19.16048387,159.3762097,154.3907258,-194.5399194,-60.23306452,-196.9266129
468,The Time (Dirty Bit),The Black Eyed Peas,dance pop,544.2572581,18.76693548,31.27016129,-0.817741935,19.15967742,159.6233871,154.2008065,-195.0475806,-60.4016129,-197.5951613
469,Alejandro,Lady Gaga,dance pop,545.3052419,18.61814516,31.17943548,-0.807258065,19.15887097,159.8705645,154.0108871,-195.5552419,-60.57016129,-198.2637097
470,Your Love Is My Drug,Kesha,dance pop,546.3532258,18.46935484,31.08870968,-0.796774194,19.15806452,160.1177419,153.8209677,-196.0629032,-60.73870968,-198.9322581
471,Meet Me Halfway,The Black Eyed Peas,dance pop,547.4012097,18.32056452,30.99798387,-0.786290323,19.15725806,160.3649194,153.6310484,-196.5705645,-60.90725806,-199.6008065
472,Whataya Want from Me,Adam Lambert,australian pop,548.4491935,18.17177419,30.90725806,-0.775806452,19.15645161,160.6120968,153.441129,-197.0782258,-61.07580645,-200.2693548
473,Take It Off,Kesha,dance pop,549.4971774,18.02298387,30.81653226,-0.765322581,19.15564516,160.8592742,153.2512097,-197.5858871,-61.24435484,-200.9379032
474,Misery,Maroon 13,pop,550.5451613,17.87419355,30.72580645,-0.75483871,19.15483871,161.1064516,153.0612903,-198.0935484,-61.41290323,-201.6064516
475,All The Right Moves,OneRepublic,dance pop,551.5931452,17.72540323,30.63508065,-0.744354839,19.15403226,161.353629,152.871371,-198.6012097,-61.58145161,-202.275
476,Animal,Neon Trees,indie pop,552.641129,17.5766129,30.54435484,-0.733870968,19.15322581,161.6008065,152.6814516,-199.108871,-61.75,-202.9435484
477,Naturally,Selena Gomez & The Scene,dance pop,553.6891129,17.42782258,30.45362903,-0.723387097,19.15241935,161.8479839,152.4915323,-199.6165323,-61.91854839,-203.6120968
478,I Like It,Enrique Iglesias,dance pop,554.7370968,17.27903226,30.36290323,-0.712903226,19.1516129,162.0951613,152.3016129,-200.1241935,-62.08709677,-204.2806452
479,Teenage Dream,Katy Perry,dance pop,555.7850806,17.13024194,30.27217742,-0.702419355,19.15080645,162.3423387,152.1116935,-200.6318548,-62.25564516,-204.9491935
480,California Gurls,Katy Perry,dance pop,556.8330645,16.98145161,30.18145161,-0.691935484,19.15,162.5895161,151.9217742,-201.1395161,-62.42419355,-205.6177419
481,11,Britney Spears,dance pop,557.8810484,16.83266129,30.09072581,-0.681451613,19.14919355,162.8366935,151.7318548,-201.6471774,-62.59274194,-206.2862903
482,"Hey, Soul Sister",Train,neo mellow,558.9290323,16.68387097,30,-0.670967742,19.1483871,163.083871,151.5419355,-202.1548387,-62.76129032,-206.9548387
483,Love The Way You Lie,Eminem,detroit hip hop,559.9770161,16.53508065,29.90927419,-0.660483871,19.14758065,163.3310484,151.3520161,-202.6625,-62.92983871,-207.6233871
484,TiK ToK,Kesha,dance pop,561.025,16.38629032,29.81854839,-0.65,19.14677419,163.5782258,151.1620968,-203.1701613,-63.0983871,-208.2919355
485,Bad Romance,Lady Gaga,dance pop,562.0729839,16.2375,29.72782258,-0.639516129,19.14596774,163.8254032,150.9721774,-203.6778226,-63.26693548,-208.9604839
486,Just the Way You Are,Bruno Mars,pop,563.1209677,16.08870968,29.63709677,-0.629032258,19.14516129,164.0725806,150.7822581,-204.1854839,-63.43548387,-209.6290323
487,Baby,Justin Bieber,canadian pop,564.1689516,15.93991935,29.54637097,-0.618548387,19.14435484,164.3197581,150.5923387,-204.6931452,-63.60403226,-210.2975806
488,Dynamite,Taio Cruz,dance pop,565.2169355,15.79112903,29.45564516,-0.608064516,19.14354839,164.5669355,150.4024194,-205.2008065,-63.77258065,-210.966129
489,Secrets,OneRepublic,dance pop,566.2649194,15.64233871,29.36491935,-0.597580645,19.14274194,164.8141129,150.2125,-205.7084677,-63.94112903,-211.6346774
490,Empire State of Mind (Part II) Broken Down,Alicia Keys,hip pop,567.3129032,15.49354839,29.27419355,-0.587096774,19.14193548,165.0612903,150.0225806,-206.216129,-64.10967742,-212.3032258
491,Only Girl (In The World),Rihanna,barbadian pop,568.3608871,15.34475806,29.18346774,-0.576612903,19.14112903,165.3084677,149.8326613,-206.7237903,-64.27822581,-212.9717742
492,Club Can't Handle Me (feat. David Guetta),Flo Rida,dance pop,569.408871,15.19596774,29.09274194,-0.566129032,19.14032258,165.5556452,149.6427419,-207.2314516,-64.44677419,-213.6403226
493,Marry You,Bruno Mars,pop,570.4568548,15.04717742,29.00201613,-0.555645161,19.13951613,165.8028226,149.4528226,-207.7391129,-64.61532258,-214.308871
494,Cooler Than Me - Single Mix,Mike Posner,dance pop,571.5048387,14.8983871,28.91129032,-0.54516129,19.13870968,166.05,149.2629032,-208.2467742,-64.78387097,-214.9774194
495,Telephone,Lady Gaga,dance pop,572.5528226,14.74959677,28.82056452,-0.534677419,19.13790323,166.2971774,149.0729839,-208.7544355,-64.95241935,-215.6459677
496,Like A G15,Far East Movement,dance pop,573.6008065,14.60080645,28.72983871,-0.524193548,19.13709677,166.5443548,148.8830645,-209.2620968,-65.12096774,-216.3145161
497,OMG (feat. will.i.am),Usher,atl hip hop,574.6487903,14.45201613,28.6391129,-0.513709677,19.13629032,166.7915323,148.6931452,-209.7697581,-65.28951613,-216.9830645
498,Eenie Meenie,Sean Kingston,dance pop,575.6967742,14.30322581,28.5483871,-0.503225806,19.13548387,167.0387097,148.5032258,-210.2774194,-65.45806452,-217.6516129
499,The Time (Dirty Bit),The Black Eyed Peas,dance pop,576.7447581,14.15443548,28.45766129,-0.492741935,19.13467742,167.2858871,148.3133065,-210.7850806,-65.6266129,-218.3201613
500,Alejandro,Lady Gaga,dance pop,577.7927419,14.00564516,28.36693548,-0.482258065,19.13387097,167.5330645,148.1233871,-211.2927419,-65.79516129,-218.9887097
501,"Hey, Soul Sister",Train,neo mellow,578.8407258,13.85685484,28.27620968,-0.471774194,19.13306452,167.7802419,147.9334677,-211.8004032,-65.96370968,-219.6572581
502,Love The Way You Lie,Eminem,detroit hip hop,579.8887097,13.70806452,28.18548387,-0.461290323,19.13225806,168.0274194,147.7435484,-212.3080645,-66.13225806,-220.3258065
503,TiK ToK,Kesha,dance pop,580.9366935,13.55927419,28.09475806,-0.450806452,19.13145161,168.2745968,147.553629,-212.8157258,-66.30080645,-220.9943548
504,Bad Romance,Lady Gaga,dance pop,581.9846774,13.41048387,28.00403226,-0.440322581,19.13064516,168.5217742,147.3637097,-213.3233871,-66.46935484,-221.6629032
505,Just the Way You Are,Bruno Mars,pop,583.0326613,13.26169355,27.91330645,-0.42983871,19.12983871,168.7689516,147.1737903,-213.8310484,-66.63790323,-222.3314516
506,Baby,Justin Bieber,canadian pop,584.0806452,13.11290323,27.82258065,-0.419354839,19.12903226,169.016129,146.983871,-214.3387097,-66.80645161,-223
507,Dynamite,Taio Cruz,dance pop,585.128629,12.9641129,27.73185484,-0.408870968,19.12822581,169.2633065,146.7939516,-214.846371,-66.975,-223.6685484
508,Secrets,OneRepublic,dance pop,586.1766129,12.81532258,27.64112903,-0.398387097,19.12741935,169.5104839,146.6040323,-215.3540323,-67.14354839,-224.3370968
509,Empire State of Mind (Part II) Broken Down,Alicia Keys,hip pop,587.2245968,12.66653226,27.55040323,-0.387903226,19.1266129,169.7576613,146.4141129,-215.8616935,-67.31209677,-225.0056452
510,Only Girl (In The World),Rihanna,barbadian pop,588.2725806,12.51774194,27.45967742,-0.377419355,19.12580645,170.0048387,146.2241935,-216.3693548,-67.48064516,-225.6741935
511,Club Can't Handle Me (feat. David Guetta),Flo Rida,dance pop,589.3205645,12.36895161,27.36895161,-0.366935484,19.125,170.2520161,146.0342742,-216.8770161,-67.64919355,-226.3427419
512,Marry You,Bruno Mars,pop,590.3685484,12.22016129,27.27822581,-0.356451613,19.12419355,170.4991935,145.8443548,-217.3846774,-67.81774194,-227.0112903
513,Cooler Than Me - Single Mix,Mike Posner,dance pop,591.4165323,12.07137097,27.1875,-0.345967742,19.1233871,170.746371,145.6544355,-217.8923387,-67.98629032,-227.6798387
514,Telephone,Lady Gaga,dance pop,592.4645161,11.92258065,27.09677419,-0.335483871,19.12258065,170.9935484,145.4645161,-218.4,-68.15483871,-228.3483871
515,Like A G15,Far East Movement,dance pop,593.5125,11.77379032,27.00604839,-0.325,19.12177419,171.2407258,145.2745968,-218.9076613,-68.3233871,-229.0169355
516,OMG (feat. will.i.am),Usher,atl hip hop,594.5604839,11.625,26.91532258,-0.314516129,19.12096774,171.4879032,145.0846774,-219.4153226,-68.49193548,-229.6854839
517,Eenie Meenie,Sean Kingston,dance pop,595.6084677,11.47620968,26.82459677,-0.304032258,19.12016129,171.7350806,144.8947581,-219.9229839,-68.66048387,-230.3540323
518,The Time (Dirty Bit),The Black Eyed Peas,dance pop,596.6564516,11.32741935,26.73387097,-0.293548387,19.11935484,171.9822581,144.7048387,-220.4306452,-68.82903226,-231.0225806
519,Alejandro,Lady Gaga,dance pop,597.7044355,11.17862903,26.64314516,-0.283064516,19.11854839,172.2294355,144.5149194,-220.9383065,-68.99758065,-231.691129
520,Your Love Is My Drug,Kesha,dance pop,598.7524194,11.02983871,26.55241935,-0.272580645,19.11774194,172.4766129,144.325,-221.4459677,-69.16612903,-232.3596774
521,Meet Me Halfway,The Black Eyed Peas,dance pop,599.8004032,10.88104839,26.46169355,-0.262096774,19.11693548,172.7237903,144.1350806,-221.953629,-69.33467742,-233.0282258
522,Whataya Want from Me,Adam Lambert,australian pop,600.8483871,10.73225806,26.37096774,-0.251612903,19.11612903,172.9709677,143.9451613,-222.4612903,-69.50322581,-233.6967742
523,Take It Off,Kesha,dance pop,601.896371,10.58346774,26.28024194,-0.241129032,19.11532258,173.2181452,143.7552419,-222.9689516,-69.67177419,-234.3653226
524,Misery,Maroon 14,pop,602.9443548,10.43467742,26.18951613,-0.230645161,19.11451613,173.4653226,143.5653226,-223.4766129,-69.84032258,-235.033871
525,All The Right Moves,OneRepublic,dance pop,603.9923387,10.2858871,26.09879032,-0.22016129,19.11370968,173.7125,143.3754032,-223.9842742,-70.00887097,-235.7024194
526,Animal,Neon Trees,indie pop,605.0403226,10.13709677,26.00806452,-0.209677419,19.11290323,173.9596774,143.1854839,-224.4919355,-70.17741935,-236.3709677
527,Naturally,Selena Gomez & The Scene,dance pop,606.0883065,9.988306452,25.91733871,-0.199193548,19.11209677,174.2068548,142.9955645,-224.9995968,-70.34596774,-237.0395161
528,I Like It,Enrique Iglesias,dance pop,607.1362903,9.839516129,25.8266129,-0.188709677,19.11129032,174.4540323,142.8056452,-225.5072581,-70.51451613,-237.7080645
529,Teenage Dream,Katy Perry,dance pop,608.1842742,9.690725806,25.7358871,-0.178225806,19.11048387,174.7012097,142.6157258,-226.0149194,-70.68306452,-238.3766129
530,California Gurls,Katy Perry,dance pop,609.2322581,9.541935484,25.64516129,-0.167741935,19.10967742,174.9483871,142.4258065,-226.5225806,-70.8516129,-239.0451613
531,12,Britney Spears,dance pop,610.2802419,9.393145161,25.55443548,-0.157258065,19.10887097,175.1955645,142.2358871,-227.0302419,-71.02016129,-239.7137097
532,"Hey, Soul Sister",Train,neo mellow,611.3282258,9.244354839,25.46370968,-0.146774194,19.10806452,175.4427419,142.0459677,-227.5379032,-71.18870968,-240.3822581
533,Love The Way You Lie,Eminem,detroit hip hop,612.3762097,9.095564516,25.37298387,-0.136290323,19.10725806,175.6899194,141.8560484,-228.0455645,-71.35725806,-241.0508065
534,TiK ToK,Kesha,dance pop,613.4241935,8.946774194,25.28225806,-0.125806452,19.10645161,175.9370968,141.666129,-228.5532258,-71.52580645,-241.7193548
535,Bad Romance,Lady Gaga,dance pop,614.4721774,8.797983871,25.19153226,-0.115322581,19.10564516,176.1842742,141.4762097,-229.0608871,-71.69435484,-242.3879032
536,Just the Way You Are,Bruno Mars,pop,615.5201613,8.649193548,25.10080645,-0.10483871,19.10483871,176.4314516,141.2862903,-229.5685484,-71.86290323,-243.0564516
537,Baby,Justin Bieber,canadian pop,616.5681452,8.500403226,25.01008065,-0.094354839,19.10403226,176.678629,141.096371,-230.0762097,-72.03145161,-243.725
538,Dynamite,Taio Cruz,dance pop,617.616129,8.351612903,24.91935484,-0.083870968,19.10322581,176.9258065,140.9064516,-230.583871,-72.2,-244.3935484
539,Secrets,OneRepublic,dance pop,618.6641129,8.202822581,24.82862903,-0.073387097,19.10241935,177.1729839,140.7165323,-231.0915323,-72.36854839,-245.0620968
540,Empire State of Mind (Part II) Broken Down,Alicia Keys,hip pop,619.7120968,8.054032258,24.73790323,-0.062903226,19.1016129,177.4201613,140.5266129,-231.5991935,-72.53709677,-245.7306452
541,Only Girl (In The World),Rihanna,barbadian pop,620.7600806,7.905241935,24.64717742,-0.052419355,19.10080645,177.6673387,140.3366935,-232.1068548,-72.70564516,-246.3991935
542,Club Can't Handle Me (feat. David Guetta),Flo Rida,dance pop,621.8080645,7.756451613,24.55645161,-0.041935484,19.1,177.9145161,140.1467742,-232.6145161,-72.87419355,-247.0677419
543,Marry You,Bruno Mars,pop,622.8560484,7.60766129,24.46572581,-0.031451613,19.09919355,178.1616935,139.9568548,-233.1221774,-73.04274194,-247.7362903
544,Cooler Than Me - Single Mix,Mike Posner,dance pop,623.9040323,7.458870968,24.375,-0.020967742,19.0983871,178.408871,139.7669355,-233.6298387,-73.21129032,-248.4048387
545,Telephone,Lady Gaga,dance pop,624.9520161,7.310080645,24.28427419,-0.010483871,19.09758065,178.6560484,139.5770161,-234.1375,-73.37983871,-249.0733871
546,Like A G16,Far East Movement,dance pop,626,7.161290323,24.19354839,1.24345E-14,19.09677419,178.9032258,139.3870968,-234.6451613,-73.5483871,-249.7419355
547,OMG (feat. will.i.am),Usher,atl hip hop,627.0479839,7.0125,24.10282258,0.010483871,19.09596774,179.1504032,139.1971774,-235.1528226,-73.71693548,-250.4104839
548,Eenie Meenie,Sean Kingston,dance pop,628.0959677,6.863709677,24.01209677,0.020967742,19.09516129,179.3975806,139.0072581,-235.6604839,-73.88548387,-251.0790323
549,The Time (Dirty Bit),The Black Eyed Peas,dance pop,629.1439516,6.714919355,23.92137097,0.031451613,19.09435484,179.6447581,138.8173387,-236.1681452,-74.05403226,-251.7475806
550,Alejandro,Lady Gaga,dance pop,630.1919355,6.566129032,23.83064516,0.041935484,19.09354839,179.8919355,138.6274194,-236.6758065,-74.22258065,-252.416129
551,"Hey, Soul Sister",Train,neo mellow,631.2399194,6.41733871,23.73991935,0.052419355,19.09274194,180.1391129,138.4375,-237.1834677,-74.39112903,-253.0846774
552,Love The Way You Lie,Eminem,detroit hip hop,632.2879032,6.268548387,23.64919355,0.062903226,19.09193548,180.3862903,138.2475806,-237.691129,-74.55967742,-253.7532258
553,TiK ToK,Kesha,dance pop,633.3358871,6.119758065,23.55846774,0.073387097,19.09112903,180.6334677,138.0576613,-238.1987903,-74.72822581,-254.4217742
554,Bad Romance,Lady Gaga,dance pop,634.383871,5.970967742,23.46774194,0.083870968,19.09032258,180.8806452,137.8677419,-238.7064516,-74.89677419,-255.0903226
555,Just the Way You Are,Bruno Mars,pop,635.4318548,5.822177419,23.37701613,0.094354839,19.08951613,181.1278226,137.6778226,-239.2141129,-75.06532258,-255.758871
556,Baby,Justin Bieber,canadian pop,636.4798387,5.673387097,23.28629032,0.10483871,19.08870968,181.375,137.4879032,-239.7217742,-75.23387097,-256.4274194
557,Dynamite,Taio Cruz,dance pop,637.5278226,5.524596774,23.19556452,0.115322581,19.08790323,181.6221774,137.2979839,-240.2294355,-75.40241935,-257.0959677
558,Secrets,OneRepublic,dance pop,638.5758065,5.375806452,23.10483871,0.125806452,19.08709677,181.8693548,137.1080645,-240.7370968,-75.57096774,-257.7645161
559,Empire State of Mind (Part II) Broken Down,Alicia Keys,hip pop,639.6237903,5.227016129,23.0141129,0.136290323,19.08629032,182.1165323,136.9181452,-241.2447581,-75.73951613,-258.4330645
560,Only Girl (In The World),Rihanna,barbadian pop,640.6717742,5.078225806,22.9233871,0.146774194,19.08548387,182.3637097,136.7282258,-241.7524194,-75.90806452,-259.1016129
561,Club Can't Handle Me (feat. David Guetta),Flo Rida,dance pop,641.7197581,4.929435484,22.83266129,0.157258065,19.08467742,182.6108871,136.5383065,-242.2600806,-76.0766129,-259.7701613
562,Marry You,Bruno Mars,pop,642.7677419,4.780645161,22.74193548,0.167741935,19.08387097,182.8580645,136.3483871,-242.7677419,-76.24516129,-260.4387097
563,Cooler Than Me - Single Mix,Mike Posner,dance pop,643.8157258,4.631854839,22.65120968,0.178225806,19.08306452,183.1052419,136.1584677,-243.2754032,-76.41370968,-261.1072581
564,Telephone,Lady Gaga,dance pop,644.8637097,4.483064516,22.56048387,0.188709677,19.08225806,183.3524194,135.9685484,-243.7830645,-76.58225806,-261.7758065
565,Like A G16,Far East Movement,dance pop,645.9116935,4.334274194,22.46975806,0.199193548,19.08145161,183.5995968,135.778629,-244.2907258,-76.75080645,-262.4443548
566,OMG (feat. will.i.am),Usher,atl hip hop,646.9596774,4.185483871,22.37903226,0.209677419,19.08064516,183.8467742,135.5887097,-244.7983871,-76.91935484,-263.1129032
567,Eenie Meenie,Sean Kingston,dance pop,648.0076613,4.036693548,22.28830645,0.22016129,19.07983871,184.0939516,135.3987903,-245.3060484,-77.08790323,-263.7814516
568,The Time (Dirty Bit),The Black Eyed Peas,dance pop,649.0556452,3.887903226,22.19758065,0.230645161,19.07903226,184.341129,135.208871,-245.8137097,-77.25645161,-264.45
569,Alejandro,Lady Gaga,dance pop,650.103629,3.739112903,22.10685484,0.241129032,19.07822581,184.5883065,135.0189516,-246.321371,-77.425,-265.1185484
570,Your Love Is My Drug,Kesha,dance pop,651.1516129,3.590322581,22.01612903,0.251612903,19.07741935,184.8354839,134.8290323,-246.8290323,-77.59354839,-265.7870968
571,Meet Me Halfway,The Black Eyed Peas,dance pop,652.1995968,3.441532258,21.92540323,0.262096774,19.0766129,185.0826613,134.6391129,-247.3366935,-77.76209677,-266.4556452
572,Whataya Want from Me,Adam Lambert,australian pop,653.2475806,3.292741935,21.83467742,0.272580645,19.07580645,185.3298387,134.4491935,-247.8443548,-77.93064516,-267.1241935
573,Take It Off,Kesha,dance pop,654.2955645,3.143951613,21.74395161,0.283064516,19.075,185.5770161,134.2592742,-248.3520161,-78.09919355,-267.7927419
574,Misery,Maroon 15,pop,655.3435484,2.99516129,21.65322581,0.293548387,19.07419355,185.8241935,134.0693548,-248.8596774,-78.26774194,-268.4612903
575,All The Right Moves,OneRepublic,dance pop,656.3915323,2.846370968,21.5625,0.304032258,19.0733871,186.071371,133.8794355,-249.3673387,-78.43629032,-269.1298387
576,Animal,Neon Trees,indie pop,657.4395161,2.697580645,21.47177419,0.314516129,19.07258065,186.3185484,133.6895161,-249.875,-78.60483871,-269.7983871
577,Naturally,Selena Gomez & The Scene,dance pop,658.4875,2.548790323,21.38104839,0.325,19.07177419,186.5657258,133.4995968,-250.3826613,-78.7733871,-270.4669355
578,I Like It,Enrique Iglesias,dance pop,659.5354839,2.4,21.29032258,0.335483871,19.07096774,186.8129032,133.3096774,-250.8903226,-78.94193548,-271.1354839
579,Teenage Dream,Katy Perry,dance pop,660.5834677,2.251209677,21.19959677,0.345967742,19.07016129,187.0600806,133.1197581,-251.3979839,-79.11048387,-271.8040323
580,California Gurls,Katy Perry,dance pop,661.6314516,2.102419355,21.10887097,0.356451613,19.06935484,187.3072581,132.9298387,-251.9056452,-79.27903226,-272.4725806
581,13,Britney Spears,dance pop,662.6794355,1.953629032,21.01814516,0.366935484,19.06854839,187.5544355,132.7399194,-252.4133065,-79.44758065,-273.141129
582,"Hey, Soul Sister",Train,neo mellow,663.7274194,1.80483871,20.92741935,0.377419355,19.06774194,187.8016129,132.55,-252.9209677,-79.61612903,-273.8096774
583,Love The Way You Lie,Eminem,detroit hip hop,664.7754032,1.656048387,20.83669355,0.387903226,19.06693548,188.0487903,132.3600806,-253.428629,-79.78467742,-274.4782258
584,TiK ToK,Kesha,dance pop,665.8233871,1.507258065,20.74596774,0.398387097,19.06612903,188.2959677,132.1701613,-253.9362903,-79.95322581,-275.1467742
585,Bad Romance,Lady Gaga,dance pop,666.871371,1.358467742,20.65524194,0.408870968,19.06532258,188.5431452,131.9802419,-254.4439516,-80.12177419,-275.8153226
586,Just the Way You Are,Bruno Mars,pop,667.9193548,1.209677419,20.56451613,0.419354839,19.06451613,188.7903226,131.7903226,-254.9516129,-80.29032258,-276.483871
587,Baby,Justin Bieber,canadian pop,668.9673387,1.060887097,20.47379032,0.42983871,19.06370968,189.0375,131.6004032,-255.4592742,-80.45887097,-277.1524194
588,Dynamite,Taio Cruz,dance pop,670.0153226,0.912096774,20.38306452,0.440322581,19.06290323,189.2846774,131.4104839,-255.9669355,-80.62741935,-277.8209677
589,Secrets,OneRepublic,dance pop,671.0633065,0.763306452,20.29233871,0.450806452,19.06209677,189.5318548,131.2205645,-256.4745968,-80.79596774,-278.4895161
590,Empire State of Mind (Part II) Broken Down,Alicia Keys,hip pop,672.1112903,0.614516129,20.2016129,0.461290323,19.06129032,189.7790323,131.0306452,-256.9822581,-80.96451613,-279.1580645
591,Only Girl (In The World),Rihanna,barbadian pop,673.1592742,0.465725806,20.1108871,0.471774194,19.06048387,190.0262097,130.8407258,-257.4899194,-81.13306452,-279.8266129
592,Club Can't Handle Me (feat. David Guetta),Flo Rida,dance pop,674.2072581,0.316935484,20.02016129,0.482258065,19.05967742,190.2733871,130.6508065,-257.9975806,-81.3016129,-280.4951613
593,Marry You,Bruno Mars,pop,675.2552419,0.168145161,19.92943548,0.492741935,19.05887097,190.5205645,130.4608871,-258.5052419,-81.47016129,-281.1637097
594,Cooler Than Me - Single Mix,Mike Posner,dance pop,676.3032258,0.019354839,19.83870968,0.503225806,19.05806452,190.7677419,130.2709677,-259.0129032,-81.63870968,-281.8322581
595,Telephone,Lady Gaga,dance pop,677.3512097,-0.129435484,19.74798387,0.513709677,19.05725806,191.0149194,130.0810484,-259.5205645,-81.80725806,-282.5008065
596,Like A G17,Far East Movement,dance pop,678.3991935,-0.278225806,19.65725806,0.524193548,19.05645161,191.2620968,129.891129,-260.0282258,-81.97580645,-283.1693548
597,OMG (feat. will.i.am),Usher,atl hip hop,679.4471774,-0.427016129,19.56653226,0.534677419,19.05564516,191.5092742,129.7012097,-260.5358871,-82.14435484,-283.8379032
598,Eenie Meenie,Sean Kingston,dance pop,680.4951613,-0.575806452,19.47580645,0.54516129,19.05483871,191.7564516,129.5112903,-261.0435484,-82.31290323,-284.5064516
599,The Time (Dirty Bit),The Black Eyed Peas,dance pop,681.5431452,-0.724596774,19.38508065,0.555645161,19.05403226,192.003629,129.321371,-261.5512097,-82.48145161,-285.175
600,Alejandro,Lady Gaga,dance pop,682.591129,-0.873387097,19.29435484,0.566129032,19.05322581,192.2508065,129.1314516,-262.058871,-82.65,-285.8435484
601,"Hey, Soul Sister",Train,neo mellow,683.6391129,-1.022177419,19.20362903,0.576612903,19.05241935,192.4979839,128.9415323,-262.5665323,-82.81854839,-286.5120968
602,Love The Way You Lie,Eminem,detroit hip hop,684.6870968,-1.170967742,19.11290323,0.587096774,19.0516129,192.7451613,128.7516129,-263.0741935,-82.98709677,-287.1806452
603,TiK ToK,Kesha,dance pop,685.7350806,-1.319758065,19.02217742,0.597580645,19.05080645,192.9923387,128.5616935,-263.5818548,-83.15564516,-287.8491935
604,Bad Romance,Lady Gaga,dance pop,686.7830645,-1.468548387,18.93145161,0.608064516,19.05,193.2395161,128.3717742,-264.0895161,-83.32419355,-288.5177419
605,Just the Way You Are,Bruno Mars,pop,687.8310484,-1.61733871,18.84072581,0.618548387,19.04919355,193.4866935,128.1818548,-264.5971774,-83.49274194,-289.1862903
606,Baby,Justin Bieber,canadian pop,688.8790323,-1.766129032,18.75,0.629032258,19.0483871,193.733871,127.9919355,-265.1048387,-83.66129032,-289.8548387
607,Dynamite,Taio Cruz,dance pop,689.9270161,-1.914919355,18.65927419,0.639516129,19.04758065,193.9810484,127.8020161,-265.6125,-83.82983871,-290.5233871
608,Secrets,OneRepublic,dance pop,690.975,-2.063709677,18.56854839,0.65,19.04677419,194.2282258,127.6120968,-266.1201613,-83.9983871,-291.1919355
609,Empire State of Mind (Part II) Broken Down,Alicia Keys,hip pop,692.0229839,-2.2125,18.47782258,0.660483871,19.04596774,194.4754032,127.4221774,-266.6278226,-84.16693548,-291.8604839
610,Only Girl (In The World),Rihanna,barbadian pop,693.0709677,-2.361290323,18.38709677,0.670967742,19.04516129,194.7225806,127.2322581,-267.1354839,-84.33548387,-292.5290323
611,Club Can't Handle Me (feat. David Guetta),Flo Rida,dance pop,694.1189516,-2.510080645,18.29637097,0.681451613,19.04435484,194.9697581,127.0423387,-267.6431452,-84.50403226,-293.1975806
612,Marry You,Bruno Mars,pop,695.1669355,-2.658870968,18.20564516,0.691935484,19.04354839,195.2169355,126.8524194,-268.1508065,-84.67258065,-293.866129
613,Cooler Than Me - Single Mix,Mike Posner,dance pop,696.2149194,-2.80766129,18.11491935,0.702419355,19.04274194,195.4641129,126.6625,-268.6584677,-84.84112903,-294.5346774
614,Telephone,Lady Gaga,dance pop,697.2629032,-2.956451613,18.02419355,0.712903226,19.04193548,195.7112903,126.4725806,-269.166129,-85.00967742,-295.2032258
615,Like A G17,Far East Movement,dance pop,698.3108871,-3.105241935,17.93346774,0.723387097,19.04112903,195.9584677,126.2826613,-269.6737903,-85.17822581,-295.8717742
616,OMG (feat. will.i.am),Usher,atl hip hop,699.358871,-3.254032258,17.84274194,0.733870968,19.04032258,196.2056452,126.0927419,-270.1814516,-85.34677419,-296.5403226
617,Eenie Meenie,Sean Kingston,dance pop,700.4068548,-3.402822581,17.75201613,0.744354839,19.03951613,196.4528226,125.9028226,-270.6891129,-85.51532258,-297.208871
618,The Time (Dirty Bit),The Black Eyed Peas,dance pop,701.4548387,-3.551612903,17.66129032,0.75483871,19.03870968,196.7,125.7129032,-271.1967742,-85.68387097,-297.8774194
619,Alejandro,Lady Gaga,dance pop,702.5028226,-3.700403226,17.57056452,0.765322581,19.03790323,196.9471774,125.5229839,-271.7044355,-85.85241935,-298.5459677
620,Your Love Is My Drug,Kesha,dance pop,703.5508065,-3.849193548,17.47983871,0.775806452,19.03709677,197.1943548,125.3330645,-272.2120968,-86.02096774,-299.2145161
621,Meet Me Halfway,The Black Eyed Peas,dance pop,704.5987903,-3.997983871,17.3891129,0.786290323,19.03629032,197.4415323,125.1431452,-272.7197581,-86.18951613,-299.8830645
622,Whataya Want from Me,Adam Lambert,australian pop,705.6467742,-4.146774194,17.2983871,0.796774194,19.03548387,197.6887097,124.9532258,-273.2274194,-86.35806452,-300.5516129
623,Take It Off,Kesha,dance pop,706.6947581,-4.295564516,17.20766129,0.807258065,19.03467742,197.9358871,124.7633065,-273.7350806,-86.5266129,-301.2201613
624,Misery,Maroon 16,pop,707.7427419,-4.444354839,17.11693548,0.817741935,19.03387097,198.1830645,124.5733871,-274.2427419,-86.69516129,-301.8887097
625,All The Right Moves,OneRepublic,dance pop,708.7907258,-4.593145161,17.02620968,0.828225806,19.03306452,198.4302419,124.3834677,-274.7504032,-86.86370968,-302.5572581
626,Animal,Neon Trees,indie pop,709.8387097,-4.741935484,16.93548387,0.838709677,19.03225806,198.6774194,124.1935484,-275.2580645,-87.03225806,-303.2258065
627,Naturally,Selena Gomez & The Scene,dance pop,710.8866935,-4.890725806,16.84475806,0.849193548,19.03145161,198.9245968,124.003629,-275.7657258,-87.20080645,-303.8943548
628,I Like It,Enrique Iglesias,dance pop,711.9346774,-5.039516129,16.75403226,0.859677419,19.03064516,199.1717742,123.8137097,-276.2733871,-87.36935484,-304.5629032
629,Teenage Dream,Katy Perry,dance pop,712.9826613,-5.188306452,16.66330645,0.87016129,19.02983871,199.4189516,123.6237903,-276.7810484,-87.53790323,-305.2314516
630,California Gurls,Katy Perry,dance pop,714.0306452,-5.337096774,16.57258065,0.880645161,19.02903226,199.666129,123.433871,-277.2887097,-87.70645161,-305.9
631,14,Britney Spears,dance pop,715.078629,-5.485887097,16.48185484,0.891129032,19.02822581,199.9133065,123.2439516,-277.796371,-87.875,-306.5685484
632,"Hey, Soul Sister",Train,neo mellow,716.1266129,-5.634677419,16.39112903,0.901612903,19.02741935,200.1604839,123.0540323,-278.3040323,-88.04354839,-307.2370968
633,Love The Way You Lie,Eminem,detroit hip hop,717.1745968,-5.783467742,16.30040323,0.912096774,19.0266129,200.4076613,122.8641129,-278.8116935,-88.21209677,-307.9056452
634,TiK ToK,Kesha,dance pop,718.2225806,-5.932258065,16.20967742,0.922580645,19.02580645,200.6548387,122.6741935,-279.3193548,-88.38064516,-308.5741935
635,Bad Romance,Lady Gaga,dance pop,719.2705645,-6.081048387,16.11895161,0.933064516,19.025,200.9020161,122.4842742,-279.8270161,-88.54919355,-309.2427419
636,Just the Way You Are,Bruno Mars,pop,720.3185484,-6.22983871,16.02822581,0.943548387,19.02419355,201.1491935,122.2943548,-280.3346774,-88.71774194,-309.9112903
637,Baby,Justin Bieber,canadian pop,721.3665323,-6.378629032,15.9375,0.954032258,19.0233871,201.396371,122.1044355,-280.8423387,-88.88629032,-310.5798387
638,Dynamite,Taio Cruz,dance pop,722.4145161,-6.527419355,15.84677419,0.964516129,19.02258065,201.6435484,121.9145161,-281.35,-89.05483871,-311.2483871
639,Secrets,OneRepublic,dance pop,723.4625,-6.676209677,15.75604839,0.975,19.02177419,201.8907258,121.7245968,-281.8576613,-89.2233871,-311.9169355
640,Empire State of Mind (Part II) Broken Down,Alicia Keys,hip pop,724.5104839,-6.825,15.66532258,0.985483871,19.02096774,202.1379032,121.5346774,-282.3653226,-89.39193548,-312.5854839
641,Only Girl (In The World),Rihanna,barbadian pop,725.5584677,-6.973790323,15.57459677,0.995967742,19.02016129,202.3850806,121.3447581,-282.8729839,-89.56048387,-313.2540323
642,Club Can't Handle Me (feat. David Guetta),Flo Rida,dance pop,726.6064516,-7.122580645,15.48387097,1.006451613,19.01935484,202.6322581,121.1548387,-283.3806452,-89.72903226,-313.9225806
643,Marry You,Bruno Mars,pop,727.6544355,-7.271370968,15.39314516,1.016935484,19.01854839,202.8794355,120.9649194,-283.8883065,-89.89758065,-314.591129
644,Cooler Than Me - Single Mix,Mike Posner,dance pop,728.7024194,-7.42016129,15.30241935,1.027419355,19.01774194,203.1266129,120.775,-284.3959677,-90.06612903,-315.2596774
645,Telephone,Lady Gaga,dance pop,729.7504032,-7.568951613,15.21169355,1.037903226,19.01693548,203.3737903,120.5850806,-284.903629,-90.23467742,-315.9282258
646,Like A G18,Far East Movement,dance pop,730.7983871,-7.717741935,15.12096774,1.048387097,19.01612903,203.6209677,120.3951613,-285.4112903,-90.40322581,-316.5967742
647,OMG (feat. will.i.am),Usher,atl hip hop,731.846371,-7.866532258,15.03024194,1.058870968,19.01532258,203.8681452,120.2052419,-285.9189516,-90.57177419,-317.2653226
648,Eenie Meenie,Sean Kingston,dance pop,732.8943548,-8.015322581,14.93951613,1.069354839,19.01451613,204.1153226,120.0153226,-286.4266129,-90.74032258,-317.933871
649,The Time (Dirty Bit),The Black Eyed Peas,dance pop,733.9423387,-8.164112903,14.84879032,1.07983871,19.01370968,204.3625,119.8254032,-286.9342742,-90.90887097,-318.6024194
650,Alejandro,Lady Gaga,dance pop,734.9903226,-8.312903226,14.75806452,1.090322581,19.01290323,204.6096774,119.6354839,-287.4419355,-91.07741935,-319.2709677
651,"Hey, Soul Sister",Train,neo mellow,736.0383065,-8.461693548,14.66733871,1.100806452,19.01209677,204.8568548,119.4455645,-287.9495968,-91.24596774,-319.9395161
652,Love The Way You Lie,Eminem,detroit hip hop,737.0862903,-8.610483871,14.5766129,1.111290323,19.01129032,205.1040323,119.2556452,-288.4572581,-91.41451613,-320.6080645
653,TiK ToK,Kesha,dance pop,738.1342742,-8.759274194,14.4858871,1.121774194,19.01048387,205.3512097,119.0657258,-288.9649194,-91.58306452,-321.2766129
654,Bad Romance,Lady Gaga,dance pop,739.1822581,-8.908064516,14.39516129,1.132258065,19.00967742,205.5983871,118.8758065,-289.4725806,-91.7516129,-321.9451613
